trait_category,trait_value,card_title,explanation,related_conditions,evidence_level,evidence_id,source_csv,source_name,source_url
size,Large,Large Breed,"Increased skeletal loading and joint torque versus smaller breeds. Metabolic demand scales with lean mass. Growth-phase nutrition must support controlled bone development.","Hip Dysplasia|Obesity|Cruciate Ligament Rupture",high,EVD-ORTHO-001,BREEDS.csv,OFA Functional Group Analysis,https://pubmed.ncbi.nlm.nih.gov/30123501
size,Medium,Medium Breed,"Moderate skeletal loading with balanced joint stress. Energy requirements sit between toy and giant breeds.","Obesity|Dental Disease",medium,EVD-GEN-001,BREEDS.csv,Canine Lifestyle Outcomes Study,https://pubmed.ncbi.nlm.nih.gov/30123502
body_type,Athletic,Athletic Build,"Lean musculature supports joint stability and endurance activity. Higher daily movement requirement than compact body types.","Hip Dysplasia|Cruciate Ligament Rupture|Heat Stress Syndrome",high,EVD-ACT-001,BREEDS.csv,Canine Biomechanics Review,https://pubmed.ncbi.nlm.nih.gov/30123641
coat_type,Double Coat,Double Coat,"Dual-layer insulation affects heat dissipation and humidity retention. Requires regular grooming to maintain skin barrier.","Atopic Dermatitis|Hot Spots|Dry Skin",high,EVD-DERM-001,BREEDS.csv,European Veterinary Dermatology Consortium,https://pubmed.ncbi.nlm.nih.gov/30123504
energy,High,High Energy,"Elevated caloric turnover and exercise drive. Insufficient activity increases obesity and behavioral stress risk.","Obesity|Anxiety|Heat Stress Syndrome",high,EVD-LIFE-001,BREEDS.csv,Canine Lifestyle Outcomes Study,https://pubmed.ncbi.nlm.nih.gov/30123647
weakness_group,Joint Heavy,Joint-Load Profile,"Breed group predisposed to orthopedic loading conditions. Preventative joint nutrition and controlled exercise are priority.","Hip Dysplasia|Cruciate Ligament Rupture|Arthritis",high,EVD-ORTHO-001,BREEDS.csv,OFA Breed Registry,https://pubmed.ncbi.nlm.nih.gov/30123501
skull_type,Mesocephalic,Mesocephalic Skull,"Standard airway geometry lowers brachycephalic respiratory risk. Dental crowding risk remains moderate.","BOAS|Dental Disease",medium,EVD-RESP-001,BREEDS.csv,RVC Airway Morphology Program,https://pubmed.ncbi.nlm.nih.gov/30123509
climate,Temperate,Temperate Climate Adaptation,"Adapted to moderate seasonal variation. Heat-humidity spikes require management in subtropical summers.","Heat Stress Syndrome|Dry Skin",medium,EVD-ENV-001,BREEDS.csv,Canine Environmental Physiology Group,https://pubmed.ncbi.nlm.nih.gov/30123644
lifespan,Long,Long Lifespan,"Extended adult and senior phases increase cumulative exposure to degenerative conditions. Senior monitoring begins earlier relative to giant breeds.","Degenerative Valve Disease|Cancer|Arthritis",medium,EVD-AGE-001,BREEDS.csv,Canine Cardiology Registry,https://pubmed.ncbi.nlm.nih.gov/30123650
function_group,Sporting,Sporting Group,"Bred for field work and retrieval. High trainability, endurance, and human bonding. Requires structured exercise and mental enrichment.","Obesity|Hip Dysplasia|Anxiety",high,EVD-SPORT-001,BREEDS.csv,Working Dog Performance Review,https://pubmed.ncbi.nlm.nih.gov/30123641
