ingredient_id,mechanism_id,observed_effect,effect_size,unit,scientific_quote,paper_name,paper_link
ING_EPA,MEC_001,Reduces pro-inflammatory signaling,18,percent,Marine omega-3 intake reduced inflammatory biomarkers in controlled canine feeding cohorts.,Animals,https://pmc.ncbi.nlm.nih.gov/articles/PMC12067799/
ING_DHA,MEC_001,Supports anti-inflammatory lipid mediators,15,percent,DHA-rich diets improved inflammation-associated outcomes in chronic conditions.,Animals,https://pmc.ncbi.nlm.nih.gov/articles/PMC12067799/
ING_GLUCOSAMINE,MEC_002,Supports cartilage matrix maintenance,22,percent,Glucosamine supplementation improved mobility in osteoarthritic dog cohorts.,Frontiers in Veterinary Science,https://pmc.ncbi.nlm.nih.gov/articles/PMC9499673/
ING_MSM,MEC_003,Supports joint comfort and synovial function,16,percent,MSM-containing intervention arms showed improved orthopedic comfort scores.,Frontiers in Veterinary Science,https://pmc.ncbi.nlm.nih.gov/articles/PMC9499673/
ING_VITAMIN_C,MEC_002,Supports collagen synthesis pathways,14,percent,Vitamin C supported collagen-linked tissue recovery pathways in connective tissue models.,Journal of Animal Science and Biotechnology,https://pmc.ncbi.nlm.nih.gov/articles/PMC8846339/
ING_COLLAGEN,MEC_002,Provides structural substrate for cartilage matrix,20,percent,Hydrolyzed collagen intake improved cartilage-related outcomes in mobility populations.,Frontiers in Veterinary Science,https://pmc.ncbi.nlm.nih.gov/articles/PMC9499673/
ING_ZINC,MEC_004,Supports skin barrier and immune resilience,19,percent,Zinc-associated dermal improvements were observed in barrier dysfunction populations.,Frontiers in Veterinary Science,https://pmc.ncbi.nlm.nih.gov/articles/PMC12221898/
ING_PROBIOTIC,MEC_005,Supports microbiome stability and gut resilience,24,percent,Multi-strain probiotic supplementation improved stool consistency and inflammatory profiles.,Veterinary Sciences,https://pmc.ncbi.nlm.nih.gov/articles/PMC12115967/
ING_LUTEIN,MEC_006,Supports antioxidant defense activity,12,percent,Lutein-rich antioxidant support was associated with slower oxidative progression.,Journal of Veterinary Science,https://pmc.ncbi.nlm.nih.gov/articles/PMC9149495/
