mechanism_id,mechanism_name,description,scientific_quote,paper_name,paper_link
MEC_001,Anti-inflammatory,Reduces inflammatory signaling and tissue irritation,Omega-3 fatty acids modulate inflammatory mediators and reduce chronic inflammatory burden in canine cohorts.,Animals,https://pmc.ncbi.nlm.nih.gov/articles/PMC12067799/
MEC_002,Cartilage Repair,Supports cartilage matrix maintenance and repair,Glucosamine-associated chondroprotective effects are linked to improved mobility outcomes in degenerative joint disease.,Frontiers in Veterinary Science,https://pmc.ncbi.nlm.nih.gov/articles/PMC9499673/
MEC_003,Joint Lubrication,Supports synovial fluid function and joint motion,MSM and related sulfur compounds were associated with improved movement comfort in chronic orthopedic pain populations.,Frontiers in Veterinary Science,https://pmc.ncbi.nlm.nih.gov/articles/PMC9499673/
MEC_004,Skin Barrier Support,Supports epidermal barrier integrity and hydration,Zinc and lipid support improved epidermal barrier repair outcomes in inflammatory dermatology cohorts.,Frontiers in Veterinary Science,https://pmc.ncbi.nlm.nih.gov/articles/PMC12221898/
MEC_005,Gut Microbiome,Supports microbiome balance and intestinal resilience,Multi-strain probiotics reduced stool instability and supported gut barrier function in canine studies.,Veterinary Sciences,https://pmc.ncbi.nlm.nih.gov/articles/PMC12115967/
MEC_006,Oxidative Stress Reduction,Reduces oxidative stress burden and free-radical damage,Antioxidant carotenoid support including lutein was associated with slower oxidative progression in ocular disease cohorts.,Journal of Veterinary Science,https://pmc.ncbi.nlm.nih.gov/articles/PMC9149495/
MEC_007,Muscle Recovery,Supports recovery and adaptation of musculoskeletal tissue,Structured exercise and supportive nutrition improved recovery kinetics and reduced fatigue markers.,Journal of Animal Science and Biotechnology,https://pmc.ncbi.nlm.nih.gov/articles/PMC8846339/
MEC_008,Cardiac Support,Supports myocardial function and cardiac performance,Taurine-associated cardiac functional improvements were observed in canine cardiomyopathy cohorts.,PLOS ONE,https://pmc.ncbi.nlm.nih.gov/articles/PMC6292607/
MEC_009,Oral Biofilm Control,Supports oral microbiome control and periodontal hygiene,Daily oral biofilm-active interventions reduced plaque accumulation and improved gingival outcomes.,Journal of Small Animal Practice,https://pmc.ncbi.nlm.nih.gov/articles/PMC9291557/
