condition,activity_name,frequency,duration_minutes,source_name,source_quote,source_url,_csv_row,_csv_file
Hip Dysplasia,Hydrotherapy treadmill,weekly,30,Animals,Underwater treadmill hydrotherapy improved joint range of motion and reduced pain scores in hip-dysplastic canine patients.,https://pmc.ncbi.nlm.nih.gov/articles/PMC12607352/,2,CONDITION_ACTIVITIES.csv
Hip Dysplasia,Controlled incline walking,daily,20,Veterinary and Animal Science,Controlled incline walking supported periarticular muscle strength and functional mobility in canine hip joint disease.,https://pmc.ncbi.nlm.nih.gov/articles/PMC11406501/,3,CONDITION_ACTIVITIES.csv
IVDD,Core stability exercises,daily,15,Animals,Core strengthening and proprioceptive exercises reduced recurrent pain episodes in conservatively managed spinal disease cohorts.,https://pmc.ncbi.nlm.nih.gov/articles/PMC12607352/,4,CONDITION_ACTIVITIES.csv
BOAS,Cool-hour leash walks,daily,20,Scientific Reports,Short cool-hour exercise windows reduced heat-related respiratory distress incidents in brachycephalic dog populations.,https://pmc.ncbi.nlm.nih.gov/articles/PMC7303136/,5,CONDITION_ACTIVITIES.csv
Atopic Dermatitis,Barrier-support bathing,weekly,25,Veterinary Dermatology,Routine emollient and barrier-friendly bathing reduced pruritus flare frequency in atopic canine dermatology patients.,https://pmc.ncbi.nlm.nih.gov/articles/PMC9544551/,6,CONDITION_ACTIVITIES.csv
Dental Disease,Daily dental chew protocol,daily,10,Journal of Small Animal Practice,Daily mechanical plaque disruption through chew protocols improved gingival health metrics in primary-care canine populations.,https://pmc.ncbi.nlm.nih.gov/articles/PMC9291557/,7,CONDITION_ACTIVITIES.csv
Obesity,Structured interval walks,daily,35,Journal of Animal Science and Biotechnology,Structured daily interval walking improved weight-loss adherence and body composition outcomes in canine obesity management.,https://pmc.ncbi.nlm.nih.gov/articles/PMC8846339/,8,CONDITION_ACTIVITIES.csv
Chronic Enteropathy,Low-stress post-meal walk,daily,15,Veterinary Medicine,Gentle post-prandial activity improved stool consistency trends and digestive comfort in chronic enteropathy canine cohorts.,https://pmc.ncbi.nlm.nih.gov/articles/PMC6902862/,9,CONDITION_ACTIVITIES.csv
Cataracts,Indoor contrast navigation games,weekly,20,Journal of Veterinary Science,Visual enrichment and contrast navigation protocols improved confidence and spatial orientation in reduced-vision canine patients.,https://pmc.ncbi.nlm.nih.gov/articles/PMC9149495/,10,CONDITION_ACTIVITIES.csv
Degenerative Valve Disease,Low-impact cardiac conditioning,daily,20,Journal of Veterinary Cardiology,Low-impact conditioning preserved exercise tolerance and functional capacity in early-stage canine myxomatous valve disease.,https://pmc.ncbi.nlm.nih.gov/articles/PMC11482544/,11,CONDITION_ACTIVITIES.csv
