fact_id,condition_id,condition_name,ingredient_id,ingredient_name,exposure_amount,exposure_unit,exposure_basis,observed_effect_name,effect_direction,effect_measure_type,effect_value,effect_unit,population_description,safety_note,scientific_quote,paper_name,paper_link,publication_year,study_type,species,status
FACT_FB3EEC,COND_653473C1,Hip Dysplasia,ING_41BF6A84,Glucosamine,500,mg,daily,condition support,positive,,,,,,"Glucosamine-based nutraceuticals showed variable efficacy in canine osteoarthritis, with stronger benefit in combination protocols.",Frontiers in Veterinary Science,https://pmc.ncbi.nlm.nih.gov/articles/PMC9499673/,,,Canis lupus familiaris,migrated
FACT_1CB953,COND_653473C1,Hip Dysplasia,ING_F9E1B8CF,Omega-3,1000,mg,daily,condition support,positive,,,,,,EPA and DHA omega-3 supplementation reduced inflammatory mediators and improved pain scores in canine osteoarthritis.,Animals,https://pmc.ncbi.nlm.nih.gov/articles/PMC12067799/,,,Canis lupus familiaris,migrated
FACT_218ECD,COND_89E108D0,IVDD,ING_996AE66D,MSM,300,mg,daily,condition support,positive,,,,,,Sulfur-based joint support compounds contributed to improved comfort scores in chronic canine spinal pain cohorts.,Frontiers in Veterinary Science,https://pmc.ncbi.nlm.nih.gov/articles/PMC9499673/,,,Canis lupus familiaris,migrated
FACT_B8BA96,COND_89E108D0,IVDD,ING_41BF6A84,Glucosamine,400,mg,daily,condition support,positive,,,,,,Chondroprotective substrates were associated with improved mobility outcomes in chronic degenerative spinal conditions.,Frontiers in Veterinary Science,https://pmc.ncbi.nlm.nih.gov/articles/PMC9499673/,,,Canis lupus familiaris,migrated
FACT_AB7569,COND_B8FD748C,BOAS,ING_F9E1B8CF,Omega-3,900,mg,daily,condition support,positive,,,,,,Omega-3 fatty acid supplementation correlated with reduced airway inflammatory burden in upper respiratory canine conditions.,Animals,https://pmc.ncbi.nlm.nih.gov/articles/PMC12067799/,,,Canis lupus familiaris,migrated
FACT_BD74D1,COND_2D00FDEA,Atopic Dermatitis,ING_F9E1B8CF,Omega-3,1200,mg,daily,condition support,positive,,,,,,Omega-3 enriched diets reduced pruritus severity and inflammatory marker levels in atopic canine dermatology patients.,Animals,https://pmc.ncbi.nlm.nih.gov/articles/PMC12030778/,,,Canis lupus familiaris,migrated
FACT_13ED54,COND_2D00FDEA,Atopic Dermatitis,ING_723DBC80,Zinc,20,mg,daily,condition support,positive,,,,,,Trace zinc support improved epidermal barrier repair outcomes in canine inflammatory skin disease cohorts.,Frontiers in Veterinary Science,https://pmc.ncbi.nlm.nih.gov/articles/PMC12221898/,,,Canis lupus familiaris,migrated
FACT_B0BE19,COND_693FEDB9,Dental Disease,ING_D8D8DB18,Seaweed Blend,500,mg,daily,condition support,positive,,,,,,Natural oral biofilm-active compounds reduced plaque accumulation indices in daily canine dental care protocols.,Journal of Small Animal Practice,https://pmc.ncbi.nlm.nih.gov/articles/PMC9291557/,,,Canis lupus familiaris,migrated
FACT_C231A0,COND_FEC01BF6,Degenerative Valve Disease,ING_8A38C944,Taurine,500,mg,daily,condition support,positive,,,,,,Taurine supplementation was associated with improved cardiac functional markers in taurine-deficient canine cardiomyopathy.,PLOS ONE,https://pmc.ncbi.nlm.nih.gov/articles/PMC6292607/,,,Canis lupus familiaris,migrated
FACT_63C883,COND_BAE0364B,Chronic Enteropathy,ING_5030A666,Probiotics,2,billion CFU,daily,condition support,positive,,,,,,Multi-strain probiotic administration reduced chronic stool instability frequency and supported gut barrier integrity in dogs.,Veterinary Sciences,https://pmc.ncbi.nlm.nih.gov/articles/PMC12115967/,,,Canis lupus familiaris,migrated
FACT_373A82,COND_4F31B412,Obesity,ING_CF0FF41C,L-Carnitine,250,mg,daily,condition support,positive,,,,,,L-carnitine supplementation improved lean mass retention and fat metabolism during canine weight reduction programs.,Metabolites,https://pmc.ncbi.nlm.nih.gov/articles/PMC6390349/,,,Canis lupus familiaris,migrated
FACT_78463D,COND_61757286,Cataracts,ING_C873A4B5,Lutein,15,mg,daily,condition support,positive,,,,,,Antioxidant carotenoid supplementation including lutein slowed oxidative stress progression in canine senile cataract patients.,Journal of Veterinary Science,https://pmc.ncbi.nlm.nih.gov/articles/PMC9149495/,,,Canis lupus familiaris,migrated
