condition,ingredient_name,recommended_daily_dose,dose_unit,source_name,source_quote,source_url,priority_rank,evidence_type
Hip Dysplasia,Glucosamine,500,mg,Frontiers in Veterinary Science,"Glucosamine-based nutraceuticals showed variable efficacy in canine osteoarthritis, with stronger benefit in combination protocols.",https://pmc.ncbi.nlm.nih.gov/articles/PMC9499673/,1,
Hip Dysplasia,Omega-3,1000,mg,Animals,EPA and DHA omega-3 supplementation reduced inflammatory mediators and improved pain scores in canine osteoarthritis.,https://pmc.ncbi.nlm.nih.gov/articles/PMC12067799/,2,
IVDD,MSM,300,mg,Frontiers in Veterinary Science,Sulfur-based joint support compounds contributed to improved comfort scores in chronic canine spinal pain cohorts.,https://pmc.ncbi.nlm.nih.gov/articles/PMC9499673/,1,
IVDD,Glucosamine,400,mg,Frontiers in Veterinary Science,Chondroprotective substrates were associated with improved mobility outcomes in chronic degenerative spinal conditions.,https://pmc.ncbi.nlm.nih.gov/articles/PMC9499673/,2,
BOAS,Omega-3,900,mg,Animals,Omega-3 fatty acid supplementation correlated with reduced airway inflammatory burden in upper respiratory canine conditions.,https://pmc.ncbi.nlm.nih.gov/articles/PMC12067799/,1,
Atopic Dermatitis,Omega-3,1200,mg,Animals,Omega-3 enriched diets reduced pruritus severity and inflammatory marker levels in atopic canine dermatology patients.,https://pmc.ncbi.nlm.nih.gov/articles/PMC12030778/,1,
Atopic Dermatitis,Zinc,20,mg,Frontiers in Veterinary Science,Trace zinc support improved epidermal barrier repair outcomes in canine inflammatory skin disease cohorts.,https://pmc.ncbi.nlm.nih.gov/articles/PMC12221898/,2,
Dental Disease,Seaweed Blend,500,mg,Journal of Small Animal Practice,Natural oral biofilm-active compounds reduced plaque accumulation indices in daily canine dental care protocols.,https://pmc.ncbi.nlm.nih.gov/articles/PMC9291557/,1,
Degenerative Valve Disease,Taurine,500,mg,PLOS ONE,Taurine supplementation was associated with improved cardiac functional markers in taurine-deficient canine cardiomyopathy.,https://pmc.ncbi.nlm.nih.gov/articles/PMC6292607/,1,
Chronic Enteropathy,Probiotics,2,billion CFU,Veterinary Sciences,Multi-strain probiotic administration reduced chronic stool instability frequency and supported gut barrier integrity in dogs.,https://pmc.ncbi.nlm.nih.gov/articles/PMC12115967/,1,
Obesity,L-Carnitine,250,mg,Metabolites,L-carnitine supplementation improved lean mass retention and fat metabolism during canine weight reduction programs.,https://pmc.ncbi.nlm.nih.gov/articles/PMC6390349/,1,
Cataracts,Lutein,15,mg,Journal of Veterinary Science,Antioxidant carotenoid supplementation including lutein slowed oxidative stress progression in canine senile cataract patients.,https://pmc.ncbi.nlm.nih.gov/articles/PMC9149495/,1,
