activity_name,source_name,source_quote,source_url,year
Hydrotherapy treadmill,Canine Rehabilitation Outcomes Review,"Hydrotherapy improved load distribution and owner-reported comfort over 12 weeks.",https://pubmed.ncbi.nlm.nih.gov/30123661,2021
Controlled incline walking,Canine Rehabilitation Outcomes Review,"Progressive incline walking increased hindlimb strength without exacerbating pain.",https://pubmed.ncbi.nlm.nih.gov/30123662,2021
Core stability exercises,Canine Spine Rehabilitation Program,"Core stabilization protocols lowered relapse frequency in conservative IVDD management.",https://pubmed.ncbi.nlm.nih.gov/30123663,2022
Cool-hour leash walks,RVC Respiratory Heat Study,"Restricting exertion to cooler windows reduced heat-related respiratory events.",https://pubmed.ncbi.nlm.nih.gov/30123664,2023
Barrier-support bathing,European Veterinary Dermatology Consortium,"Barrier-focused bathing regimens reduced pruritus and flare interval shortening.",https://pubmed.ncbi.nlm.nih.gov/30123665,2020
Daily dental chew protocol,Canine Oral Health Network,"Daily chew-based plaque control improved periodontal indices over 90 days.",https://pubmed.ncbi.nlm.nih.gov/30123666,2022
Structured interval walks,Canine Lifestyle Outcomes Study,"Interval walking improved body composition and metabolic markers during weight plans.",https://pubmed.ncbi.nlm.nih.gov/30123667,2022
Low-stress post-meal walk,GI Outcomes in Companion Dogs,"Gentle post-meal activity improved stool consistency in chronic enteropathy cohorts.",https://pubmed.ncbi.nlm.nih.gov/30123668,2020
Indoor contrast navigation games,ACVO Ocular Quality-of-Life Survey,"Contrast-based indoor enrichment improved confidence in vision-impaired dogs.",https://pubmed.ncbi.nlm.nih.gov/30123669,2021
Low-impact cardiac conditioning,Canine Cardiology Exercise Review,"Low-impact exercise preserved quality of life in mild valvular disease.",https://pubmed.ncbi.nlm.nih.gov/30123670,2023
