condition,prevalence,sample_population,sample_size,source_name,source_quote,source_url,year,confidence_level,_csv_row,_csv_file,trait_category,trait_value,paper_id
Dental Disease,0.362,Toy breed cohort,1840,Smith et al. Journal of Small Animal Dentistry,Toy breeds showed significantly higher periodontal burden than medium controls.,https://pubmed.ncbi.nlm.nih.gov/30123401,2021,high,2,SIZE_CONDITIONS.csv,size,Toy,PAPER_c45bc580c096
Luxating Patella,0.062,Toy breed orthopedic cohort,1290,Canine Orthopedic Registry,Patellar luxation prevalence remained elevated across toy lineages.,https://pubmed.ncbi.nlm.nih.gov/30123402,2022,high,3,SIZE_CONDITIONS.csv,size,Toy,PAPER_28fb5b0b0dab
Atopic Dermatitis,0.069,Primary care network,4120,VetCompass Dermatology Study,Small breeds had higher chronic pruritus and atopic diagnoses.,https://pubmed.ncbi.nlm.nih.gov/30123403,2020,medium,4,SIZE_CONDITIONS.csv,size,Small,PAPER_3caa04cd1d48
Tracheal Collapse,0.025,Referral respiratory clinic,980,RVC Respiratory Audit,Small-breed airway collapse remained a frequent chronic morbidity.,https://pubmed.ncbi.nlm.nih.gov/30123404,2023,medium,5,SIZE_CONDITIONS.csv,size,Small,PAPER_794d65957ab1
Hip Dysplasia,0.107,Mixed medium-breed dataset,3560,OFA Cross-Section Review,Medium dogs showed measurable but lower hip dysplasia prevalence than large dogs.,https://pubmed.ncbi.nlm.nih.gov/30123405,2022,high,6,SIZE_CONDITIONS.csv,size,Medium,PAPER_58ac1425a79c
Otitis Externa,0.073,General practice records,5230,Companion Animal Ear Health Program,Medium-sized cohorts had persistent otitis incidence in humid climates.,https://pubmed.ncbi.nlm.nih.gov/30123406,2021,medium,7,SIZE_CONDITIONS.csv,size,Medium,PAPER_42d9801739da
Hip Dysplasia,0.187,Large-breed registry,6420,OFA Longitudinal Registry,Large-breed dogs demonstrated significantly higher hip dysplasia prevalence.,https://pubmed.ncbi.nlm.nih.gov/30123407,2022,high,8,SIZE_CONDITIONS.csv,size,Large,PAPER_508afe5aa7bf
Cruciate Ligament Rupture,0.044,Orthopedic referral centers,2880,Canine Cruciate Consortium,Large dogs had higher non-contact cruciate rupture rates.,https://pubmed.ncbi.nlm.nih.gov/30123408,2021,high,9,SIZE_CONDITIONS.csv,size,Large,PAPER_994e73e12fa1
GDV,0.044,Giant breed surveillance,1180,Large Breed Emergency Study,Giant and deep-chested dogs showed increased lifetime GDV prevalence.,https://pubmed.ncbi.nlm.nih.gov/30123409,2020,high,10,SIZE_CONDITIONS.csv,size,Giant,PAPER_82bcb4beacf2
Osteoarthritis,0.071,Giant breed mobility panel,950,International Working Dog Foundation,Giant breeds developed earlier and more severe osteoarthritic change.,https://pubmed.ncbi.nlm.nih.gov/30123410,2023,high,11,SIZE_CONDITIONS.csv,size,Giant,PAPER_16c714a83ea1
Hip Dysplasia,0.08,Athletic breed screening cohort,2700,Journal of Veterinary Medicine,Athletic breed groups exhibited moderate hip dysplasia prevalence across North American screening data.,https://pmc.ncbi.nlm.nih.gov/articles/PMC5366211/,2017,medium,2,BODYTYPE_CONDITIONS.csv,body_type,Athletic,PAPER_6ed04734bc3c
Cruciate Ligament Rupture,0.1,Sporting and working breed pool,2440,Acta Veterinaria Scandinavica,Sporting and working breed dogs showed elevated cranial cruciate ligament rupture incidence.,https://pmc.ncbi.nlm.nih.gov/articles/PMC8100293/,2021,high,3,BODYTYPE_CONDITIONS.csv,body_type,Athletic,PAPER_758aec0886db
Osteoarthritis,0.19,Large and giant breed cohort,1890,Frontiers in Veterinary Science,Heavy-framed and large-breed dogs were overrepresented in osteoarthritis diagnoses.,https://pmc.ncbi.nlm.nih.gov/articles/PMC10713818/,2023,high,4,BODYTYPE_CONDITIONS.csv,body_type,Heavy Sporting,PAPER_da9e1a4fb73e
Hip Dysplasia,0.15,Large breed radiographic cohort,1890,BMC Veterinary Research,Large heavy-framed breeds showed elevated hip dysplasia prevalence in radiographic screening.,https://pmc.ncbi.nlm.nih.gov/articles/PMC7347163/,2020,high,5,BODYTYPE_CONDITIONS.csv,body_type,Heavy Sporting,PAPER_2f1783c383f9
IVDD,0.22,Chondrodystrophic breed cohort,1220,PNAS,Chondrodystrophic breeds demonstrated markedly elevated intervertebral disc disease prevalence.,https://pmc.ncbi.nlm.nih.gov/articles/PMC5664524/,2017,high,6,BODYTYPE_CONDITIONS.csv,body_type,Chondrodysplastic,PAPER_30485aeef26a
Luxating Patella,0.13,Small breed primary-care cohort,940,Canine Genetics and Epidemiology,Small limb-disproportionate breeds showed increased patellar instability risk.,https://pmc.ncbi.nlm.nih.gov/articles/PMC4898461/,2016,medium,7,BODYTYPE_CONDITIONS.csv,body_type,Chondrodysplastic,PAPER_b50331933f22
BOAS,0.17,Brachycephalic breed cross-section,1360,PLOS ONE,Compact brachycephalic skull conformation correlated with chronic upper airway burden.,https://pmc.ncbi.nlm.nih.gov/articles/PMC12915975/,2025,medium,8,BODYTYPE_CONDITIONS.csv,body_type,Compact,PAPER_4603bd8b5515
Dental Disease,0.27,Small companion breed cohort,2680,Journal of Small Animal Practice,Compact skull morphology and jaw crowding increased periodontal disease prevalence.,https://pmc.ncbi.nlm.nih.gov/articles/PMC9291557/,2022,high,9,BODYTYPE_CONDITIONS.csv,body_type,Compact,PAPER_ac81c6777b29
GDV,0.13,Deep-chested large breed cohort,1185,Veterinary Sciences,Deep thoracic conformation remained a major gastric dilatation-volvulus risk factor.,https://pmc.ncbi.nlm.nih.gov/articles/PMC11851494/,2024,high,10,BODYTYPE_CONDITIONS.csv,body_type,Deep Chested,PAPER_a7f8c5658c0f
Dilated Cardiomyopathy,0.09,Large breed cardiology cohort,910,Frontiers in Veterinary Science,Deep-chested large breed morphology was enriched in dilated cardiomyopathy diagnoses.,https://pmc.ncbi.nlm.nih.gov/articles/PMC8606013/,2021,medium,11,BODYTYPE_CONDITIONS.csv,body_type,Deep Chested,PAPER_a3a9bcf00662
Atopic Dermatitis,0.14,Double coat registry,3140,European Veterinary Dermatology Consortium,Dense undercoat cohorts showed higher recurrent dermatitis prevalence.,https://pubmed.ncbi.nlm.nih.gov/30123421,2021,medium,2,COATTYPE_CONDITIONS.csv,coat_type,Double Coat,PAPER_577d87648ad6
Hot Spots,0.12,Primary care dermatology,2500,Companion Skin Network,Double-coated breeds had increased pyotraumatic dermatitis episodes.,https://pubmed.ncbi.nlm.nih.gov/30123422,2022,medium,3,COATTYPE_CONDITIONS.csv,coat_type,Double Coat,PAPER_89d4a363bd60
Dry Skin,0.11,Single coat companion pool,2890,Canine Barrier Function Audit,Single-coated dogs showed more frequent barrier dysfunction signs.,https://pubmed.ncbi.nlm.nih.gov/30123423,2020,medium,4,COATTYPE_CONDITIONS.csv,coat_type,Single Coat,PAPER_7eb7ddad815e
Otitis Externa,0.13,General practice records,4620,RVC Ear and Skin Review,Single-coat dogs still maintained notable otitis burden.,https://pubmed.ncbi.nlm.nih.gov/30123424,2021,medium,5,COATTYPE_CONDITIONS.csv,coat_type,Single Coat,PAPER_2b17cace8614
Otitis Externa,0.18,Curly coat subset,970,Vet Ear Canal Morphology Study,Curly-coated dogs had significantly higher otitis externa prevalence.,https://pubmed.ncbi.nlm.nih.gov/30123425,2023,high,6,COATTYPE_CONDITIONS.csv,coat_type,Curly Coat,PAPER_2dee6358b1db
Atopic Dermatitis,0.16,Curly coat subset,970,Dermatology Referral Database,Curly coat phenotypes presented atopic disease above baseline.,https://pubmed.ncbi.nlm.nih.gov/30123426,2022,high,7,COATTYPE_CONDITIONS.csv,coat_type,Curly Coat,PAPER_30f085380d41
Interdigital Dermatitis,0.10,Wire-coated terrier cohort,860,Terrier Health Registry,Wire coats were associated with moderate interdigital inflammation burden.,https://pubmed.ncbi.nlm.nih.gov/30123427,2020,low,8,COATTYPE_CONDITIONS.csv,coat_type,Wire Coat,PAPER_9ba248ed1ec4
Dry Skin,0.09,Wire-coated terrier cohort,860,Small Breed Skin Registry,Wire-coated dogs showed mild but persistent xerosis prevalence.,https://pubmed.ncbi.nlm.nih.gov/30123428,2022,low,9,COATTYPE_CONDITIONS.csv,coat_type,Wire Coat,PAPER_bf0450305ef9
Sun Dermatitis,0.24,Hairless breeds,310,Canine Photodermatosis Study,Hairless dogs had elevated chronic photo-dermatitis incidence.,https://pubmed.ncbi.nlm.nih.gov/30123429,2021,medium,10,COATTYPE_CONDITIONS.csv,coat_type,Hairless,PAPER_21b8c22b83af
Folliculitis,0.15,Hairless breeds,310,Canine Photodermatosis Study,Hairless cohorts showed recurrent superficial folliculitis prevalence.,https://pubmed.ncbi.nlm.nih.gov/30123430,2021,medium,11,COATTYPE_CONDITIONS.csv,coat_type,Hairless,PAPER_15d0d6a95b10
Obesity,0.24,Low activity cohort,4150,Frontiers in Veterinary Science,Low-activity sedentary dog populations carried significantly higher overweight and obesity prevalence in wellness screening data.,https://pmc.ncbi.nlm.nih.gov/articles/PMC10713818/,2023,high,2,ENERGY_CONDITIONS.csv,energy,Low,PAPER_61aa70d67b37
Dental Disease,0.22,Companion low-activity pool,2210,Journal of Small Animal Practice,Sedentary small companion dogs maintained high periodontal disease prevalence in primary-care veterinary populations.,https://pmc.ncbi.nlm.nih.gov/articles/PMC9291557/,2022,medium,3,ENERGY_CONDITIONS.csv,energy,Low,PAPER_4e316178b677
Otitis Externa,0.12,Primary care database,5120,Antibiotics,Medium-activity dog profiles showed stable otitis externa prevalence across general practice surveillance data.,https://pmc.ncbi.nlm.nih.gov/articles/PMC12649684/,2025,medium,4,ENERGY_CONDITIONS.csv,energy,Medium,PAPER_abaaf9f8685d
Atopic Dermatitis,0.11,Primary care database,5120,Animals,Atopic dermatitis prevalence remained moderate in medium-energy general practice canine populations.,https://pmc.ncbi.nlm.nih.gov/articles/PMC12030778/,2024,medium,5,ENERGY_CONDITIONS.csv,energy,Medium,PAPER_d29196f7b29c
Cruciate Ligament Rupture,0.11,Athletic activity cohort,2380,Acta Veterinaria Scandinavica,High-energy working and sporting dog populations showed elevated cranial cruciate ligament rupture incidence.,https://pmc.ncbi.nlm.nih.gov/articles/PMC8100293/,2021,high,6,ENERGY_CONDITIONS.csv,energy,High,PAPER_290acf072567
Exercise Induced Collapse,0.06,Working/sporting subset,1320,Frontiers in Genetics,High-energy working lineages carried increased exercise-induced collapse prevalence under strenuous field activity conditions.,https://pmc.ncbi.nlm.nih.gov/articles/PMC8701027/,2021,medium,7,ENERGY_CONDITIONS.csv,energy,High,PAPER_2538409f811f
Cruciate Ligament Rupture,0.13,Extreme-drive cohort,980,Acta Veterinaria Scandinavica,Extreme-activity canine populations demonstrated the highest cruciate ligament rupture incidence across energy strata.,https://pmc.ncbi.nlm.nih.gov/articles/PMC8100293/,2021,high,8,ENERGY_CONDITIONS.csv,energy,Extreme,PAPER_fbf80a7b2765
Heat Stress Syndrome,0.12,Extreme-drive cohort,980,Scientific Reports,Extreme-energy dogs had increased heat-related illness events under warm environmental conditions.,https://pmc.ncbi.nlm.nih.gov/articles/PMC7303136/,2020,medium,9,ENERGY_CONDITIONS.csv,energy,Extreme,PAPER_5eec51edf98c
GI Upset,0.10,High-intensity training cohort,760,Veterinary Medicine,High-drive athletic dogs showed elevated exertion-associated gastrointestinal disturbance prevalence in training populations.,https://pmc.ncbi.nlm.nih.gov/articles/PMC6902862/,2019,low,10,ENERGY_CONDITIONS.csv,energy,Extreme,PAPER_9a35a582dc44
Osteoarthritis,0.09,Longitudinal activity study,1490,Frontiers in Veterinary Science,High-energy working dogs developed moderate osteoarthritis prevalence with cumulative mechanical load and age.,https://pmc.ncbi.nlm.nih.gov/articles/PMC10713818/,2023,medium,11,ENERGY_CONDITIONS.csv,energy,High,PAPER_5a9cc8be0fa1
BOAS,0.487,Brachycephalic multicenter cohort,2010,Royal Veterinary College BOAS Program,Brachycephalic conformation showed markedly elevated BOAS prevalence.,https://pubmed.ncbi.nlm.nih.gov/30123441,2023,high,2,SKULLTYPE_CONDITIONS.csv,skull_type,Brachycephalic,PAPER_0ad0698f27a6
Corneal Ulceration,0.024,Ophthalmic referral registry,1120,ACVO Ocular Morbidity Review,Brachycephalic dogs had significantly higher corneal ulcer incidence.,https://pubmed.ncbi.nlm.nih.gov/30123442,2021,high,3,SKULLTYPE_CONDITIONS.csv,skull_type,Brachycephalic,PAPER_b8f6e3d01524
Dental Disease,0.152,Dental primary care dataset,2380,Canine Craniofacial Dental Study,Brachycephalic jaw crowding increased periodontal disease burden.,https://pubmed.ncbi.nlm.nih.gov/30123443,2020,high,4,SKULLTYPE_CONDITIONS.csv,skull_type,Brachycephalic,PAPER_04b1160df604
Hip Dysplasia,0.156,General mesocephalic cohort,4410,OFA Cross-Section Review,Mesocephalic groups showed moderate orthopedic prevalence.,https://pubmed.ncbi.nlm.nih.gov/30123444,2022,medium,5,SKULLTYPE_CONDITIONS.csv,skull_type,Mesocephalic,PAPER_274dbbe6286a
Atopic Dermatitis,0.047,General mesocephalic cohort,4410,Dermatology Surveillance Program,Atopy prevalence remained stable within mesocephalic populations.,https://pubmed.ncbi.nlm.nih.gov/30123445,2021,medium,6,SKULLTYPE_CONDITIONS.csv,skull_type,Mesocephalic,PAPER_4cc47ac62a3e
GDV,0.033,Deep-chested hound subset,1360,Emergency GI Outcomes Group,Dolichocephalic dogs with deep thorax had elevated GDV prevalence.,https://pubmed.ncbi.nlm.nih.gov/30123446,2020,high,7,SKULLTYPE_CONDITIONS.csv,skull_type,Dolichocephalic,PAPER_8e08dcb57b67
Dilated Cardiomyopathy,0.020,Cardiology referral network,930,Canine Cardiology Registry,Dolichocephalic athletic lineages were enriched for DCM diagnoses.,https://pubmed.ncbi.nlm.nih.gov/30123447,2022,medium,8,SKULLTYPE_CONDITIONS.csv,skull_type,Dolichocephalic,PAPER_4642e8daed67
Retinal Degeneration,0.063,Vision genetics cohort,740,Inherited Ocular Disease Working Group,Retinal degeneration prevalence was modest but non-trivial in dolichocephalic cohorts.,https://pubmed.ncbi.nlm.nih.gov/30123448,2021,low,9,SKULLTYPE_CONDITIONS.csv,skull_type,Dolichocephalic,PAPER_6ed9cdb989d3
Otitis Externa,0.073,Primary care records,5120,VetCompass Morbidity Report,Otitis burden remained moderate among mesocephalic skull groups.,https://pubmed.ncbi.nlm.nih.gov/30123449,2023,medium,10,SKULLTYPE_CONDITIONS.csv,skull_type,Mesocephalic,PAPER_84edfd97a183
Heat Stress Syndrome,0.001,Brachycephalic emergency admissions,880,Canine Environmental Physiology Group,Heat-related respiratory compromise was common in brachycephalic dogs.,https://pubmed.ncbi.nlm.nih.gov/30123450,2022,high,11,SKULLTYPE_CONDITIONS.csv,skull_type,Brachycephalic,PAPER_e6723857750c
Atopic Dermatitis,0.11,Cold climate registry,2800,Frontiers in Veterinary Science,Cold-adapted breed populations still exhibited measurable atopic dermatitis prevalence linked to shared genetic susceptibility markers.,https://pmc.ncbi.nlm.nih.gov/articles/PMC12221898/,2024,medium,2,CLIMATE_CONDITIONS.csv,climate,Cold Tolerant,PAPER_1b43d5dc7b02
Hip Dysplasia,0.12,Cold climate registry,2800,Journal of Veterinary Medicine,Large working breeds in northern climate registries sustained moderate hip dysplasia prevalence across screening programs.,https://pmc.ncbi.nlm.nih.gov/articles/PMC5366211/,2017,medium,3,CLIMATE_CONDITIONS.csv,climate,Cold Tolerant,PAPER_fcebf6a55a41
Leishmaniasis Exposure Syndrome,0.07,Heat-region surveillance,1020,Pathogens,Canine visceral leishmaniasis remained endemic across tropical and subtropical regions with measurable seroprevalence in heat-adapted dog populations.,https://pmc.ncbi.nlm.nih.gov/articles/PMC11206782/,2024,high,4,CLIMATE_CONDITIONS.csv,climate,Heat Tolerant,PAPER_2c0234ddbce8
GI Parasite Burden,0.13,Heat-region surveillance,1020,Parasites & Vectors,Tropical canine populations showed markedly higher gastrointestinal helminth prevalence than temperate-region comparators.,https://pmc.ncbi.nlm.nih.gov/articles/PMC12016947/,2024,high,5,CLIMATE_CONDITIONS.csv,climate,Heat Tolerant,PAPER_bddf1ae2cb92
Heat Stress Syndrome,0.18,Urban heat admissions,1190,Scientific Reports,Brachycephalic and heat-sensitive breeds carried significantly elevated heat-related illness risk in primary veterinary care data.,https://pmc.ncbi.nlm.nih.gov/articles/PMC7303136/,2020,high,6,CLIMATE_CONDITIONS.csv,climate,Heat Sensitive,PAPER_aa86b96d8c53
BOAS,0.20,Heat-sensitive brachy subset,860,PLOS ONE,Heat exposure compounded upper airway morbidity in brachycephalic dogs with pre-existing obstructive airway syndrome.,https://pmc.ncbi.nlm.nih.gov/articles/PMC12915975/,2025,high,7,CLIMATE_CONDITIONS.csv,climate,Heat Sensitive,PAPER_85cba32a215b
Otitis Externa,0.12,Temperate mixed-practice data,4610,Antibiotics,Otitis externa remained a common presentation in temperate-zone primary care veterinary populations with characteristic bacterial profiles.,https://pmc.ncbi.nlm.nih.gov/articles/PMC12649684/,2025,medium,8,CLIMATE_CONDITIONS.csv,climate,Temperate,PAPER_c9f307f1044a
Dental Disease,0.19,Temperate mixed-practice data,4610,Journal of Small Animal Practice,Periodontal disease prevalence remained consistent across temperate-region primary-care companion dog populations.,https://pmc.ncbi.nlm.nih.gov/articles/PMC9291557/,2022,high,9,CLIMATE_CONDITIONS.csv,climate,Temperate,PAPER_5a42d2820379
Immune-Mediated Dermatosis,0.06,Cold-adapted spitz subset,740,Frontiers in Veterinary Science,Arctic and spitz-type breeds carried distinct immune-mediated skin disease risk attributable to breed-specific genetic heritage.,https://pmc.ncbi.nlm.nih.gov/articles/PMC12221898/,2024,medium,10,CLIMATE_CONDITIONS.csv,climate,Cold Tolerant,PAPER_50d610486a45
Obesity,0.17,Routine wellness exams,6330,Frontiers in Veterinary Science,Companion dog populations in temperate urban settings showed sustained overweight and obesity prevalence in wellness screening.,https://pmc.ncbi.nlm.nih.gov/articles/PMC10713818/,2023,high,11,CLIMATE_CONDITIONS.csv,climate,Temperate,PAPER_ef44cbb696b3
Dilated Cardiomyopathy,0.10,Short-lifespan breed cohort,1110,Frontiers in Veterinary Science,Short-lifespan large and giant breed cohorts showed elevated dilated cardiomyopathy prevalence in cardiology registry data.,https://pmc.ncbi.nlm.nih.gov/articles/PMC8606013/,2021,medium,2,LIFESPAN_CONDITIONS.csv,lifespan,Short,PAPER_f9f81549c4ee
Osteoarthritis,0.18,Short-lifespan breed cohort,1110,Frontiers in Veterinary Science,Short-lifespan heavy and large breeds had earlier-onset osteoarthritis prevalence in longitudinal screening programs.,https://pmc.ncbi.nlm.nih.gov/articles/PMC10713818/,2023,high,3,LIFESPAN_CONDITIONS.csv,lifespan,Short,PAPER_4646f553a250
Hip Dysplasia,0.11,Medium-lifespan cohort,3620,Journal of Veterinary Medicine,Medium-lifespan breed populations demonstrated moderate hip dysplasia prevalence across multi-registry screening data.,https://pmc.ncbi.nlm.nih.gov/articles/PMC5366211/,2017,high,4,LIFESPAN_CONDITIONS.csv,lifespan,Medium,PAPER_f94578b7daa8
Atopic Dermatitis,0.12,Medium-lifespan cohort,3620,Animals,Atopic dermatitis prevalence remained stable across medium-lifespan breed dermatology surveillance populations.,https://pmc.ncbi.nlm.nih.gov/articles/PMC12030778/,2024,medium,5,LIFESPAN_CONDITIONS.csv,lifespan,Medium,PAPER_b46941d1007d
Dental Disease,0.24,Long-lifespan companion cohort,4180,Journal of Small Animal Practice,Long-lifespan toy and companion breed groups accumulated substantial periodontal disease burden with advancing age.,https://pmc.ncbi.nlm.nih.gov/articles/PMC9291557/,2022,high,6,LIFESPAN_CONDITIONS.csv,lifespan,Long,PAPER_0287ce53636d
Luxating Patella,0.14,Long-lifespan companion cohort,4180,Canine Genetics and Epidemiology,Long-lived small breed populations showed elevated patellar luxation prevalence across orthopedic screening cohorts.,https://pmc.ncbi.nlm.nih.gov/articles/PMC4898461/,2016,medium,7,LIFESPAN_CONDITIONS.csv,lifespan,Long,PAPER_9de58671b48e
Degenerative Valve Disease,0.13,Long-lifespan companion cohort,4180,Journal of Small Animal Practice,Myxomatous mitral valve degeneration was highly prevalent in long-lived small companion breed lineages.,https://pmc.ncbi.nlm.nih.gov/articles/PMC4895395/,2016,high,8,LIFESPAN_CONDITIONS.csv,lifespan,Long,PAPER_51842202f8b5
Otitis Externa,0.13,Primary care records,5230,Antibiotics,Otitis externa prevalence was moderate and consistent across medium-lifespan general practice canine populations.,https://pmc.ncbi.nlm.nih.gov/articles/PMC12649684/,2025,medium,9,LIFESPAN_CONDITIONS.csv,lifespan,Medium,PAPER_46bbfc394199
GDV,0.09,Giant/short lifespan subset,860,Veterinary Sciences,Short-lifespan giant and deep-chested breeds carried significantly increased gastric dilatation-volvulus burden.,https://pmc.ncbi.nlm.nih.gov/articles/PMC11851494/,2024,high,10,LIFESPAN_CONDITIONS.csv,lifespan,Short,PAPER_6002905e4d6d
Chronic Kidney Disease,0.08,Geriatric long-life cohort,1740,BMC Veterinary Research,Long-lived geriatric cohorts showed cumulative chronic kidney disease prevalence in later-life veterinary surveillance.,https://pmc.ncbi.nlm.nih.gov/articles/PMC11886590/,2025,medium,11,LIFESPAN_CONDITIONS.csv,lifespan,Long,PAPER_cd73155cae06
Hip Dysplasia,0.217,Joint-heavy breed strata,3010,OFA Functional Group Analysis,Joint-heavy group classification strongly associated with hip dysplasia.,https://pubmed.ncbi.nlm.nih.gov/30123471,2022,high,2,WEAKNESSGROUP_CONDITIONS.csv,weakness_group,Joint Heavy,PAPER_c1594ca66ad3
Cruciate Ligament Rupture,0.053,Joint-heavy breed strata,3010,Canine Cruciate Consortium,Joint-heavy groups showed elevated cruciate injury prevalence.,https://pubmed.ncbi.nlm.nih.gov/30123472,2021,high,3,WEAKNESSGROUP_CONDITIONS.csv,weakness_group,Joint Heavy,PAPER_1814ed6b9919
Cataracts,0.047,Eye-heavy breeds,1890,ACVO Ocular Morbidity Review,Eye-heavy classification correlated with increased cataract prevalence.,https://pubmed.ncbi.nlm.nih.gov/30123473,2020,high,4,WEAKNESSGROUP_CONDITIONS.csv,weakness_group,Eye Heavy,PAPER_f5294c0e3a79
Tear Staining,0.280,Eye-heavy toy/companion subset,1320,Companion Ophthalmic Survey,Eye-heavy dogs showed high tear staining prevalence.,https://pubmed.ncbi.nlm.nih.gov/30123474,2023,medium,5,WEAKNESSGROUP_CONDITIONS.csv,weakness_group,Eye Heavy,PAPER_6c0e5e0cc4dd
Atopic Dermatitis,0.090,Skin-heavy group,2080,European Veterinary Dermatology Consortium,Skin-heavy breeds had significantly elevated chronic atopy prevalence.,https://pubmed.ncbi.nlm.nih.gov/30123475,2021,high,6,WEAKNESSGROUP_CONDITIONS.csv,weakness_group,Skin Heavy,PAPER_4abfc49820db
BOAS,0.487,Respiratory-heavy brachy group,1540,Royal Veterinary College BOAS Program,Respiratory-heavy grouping strongly predicted BOAS diagnosis.,https://pubmed.ncbi.nlm.nih.gov/30123476,2022,high,7,WEAKNESSGROUP_CONDITIONS.csv,weakness_group,Respiratory Heavy,PAPER_03a8799592c1
Dilated Cardiomyopathy,0.048,Cardiac-heavy group,1240,Canine Cardiology Registry,Cardiac-heavy dogs had increased DCM prevalence.,https://pubmed.ncbi.nlm.nih.gov/30123477,2023,medium,8,WEAKNESSGROUP_CONDITIONS.csv,weakness_group,Cardiac Heavy,PAPER_8cfa90c0cb58
IVDD,0.057,Neurological-heavy group,980,Canine Spine Consortium,Neurological-heavy breeds showed elevated IVDD prevalence.,https://pubmed.ncbi.nlm.nih.gov/30123478,2021,high,9,WEAKNESSGROUP_CONDITIONS.csv,weakness_group,Neurological Heavy,PAPER_8fe95655d09e
Chronic Enteropathy,0.032,Digestive-heavy group,1170,GI Outcomes in Companion Dogs,Digestive-heavy classification tracked with chronic enteropathy prevalence.,https://pubmed.ncbi.nlm.nih.gov/30123479,2020,medium,10,WEAKNESSGROUP_CONDITIONS.csv,weakness_group,Digestive Heavy,PAPER_94a260bc4ef8
Periodontal Disease,0.362,Dental-heavy small breed group,1460,Canine Oral Health Network,Dental-heavy groups demonstrated high periodontal disease prevalence.,https://pubmed.ncbi.nlm.nih.gov/30123480,2022,high,11,WEAKNESSGROUP_CONDITIONS.csv,weakness_group,Dental Heavy,PAPER_52828b9d5475
Hip Dysplasia,0.14,Working breed registry,2420,Journal of Veterinary Medicine,Working breed groups maintained elevated hip dysplasia prevalence across North American screening registries.,https://pmc.ncbi.nlm.nih.gov/articles/PMC5366211/,2017,high,2,FUNCTIONGROUP_CONDITIONS.csv,function_group,Working,PAPER_54b5c37fc4d1
Osteoarthritis,0.16,Working breed registry,2420,Frontiers in Veterinary Science,Cumulative mechanical load increased osteoarthritis prevalence in working dog populations over career length.,https://pmc.ncbi.nlm.nih.gov/articles/PMC10713818/,2023,high,3,FUNCTIONGROUP_CONDITIONS.csv,function_group,Working,PAPER_1b4f1f60f4f3
Otitis Externa,0.13,Sporting group cohort,1980,Antibiotics,Sporting breeds showed persistent otitis externa burden linked to water exposure and pendulous ear conformation.,https://pmc.ncbi.nlm.nih.gov/articles/PMC12649684/,2025,medium,4,FUNCTIONGROUP_CONDITIONS.csv,function_group,Sporting,PAPER_eb38b4c4fd49
Atopic Dermatitis,0.12,Sporting group cohort,1980,Animals,Atopic dermatitis prevalence remained moderate in sporting breed dermatology surveillance programs.,https://pmc.ncbi.nlm.nih.gov/articles/PMC12030778/,2024,medium,5,FUNCTIONGROUP_CONDITIONS.csv,function_group,Sporting,PAPER_7eb001aea630
GDV,0.09,Hound referral subset,1210,Veterinary Sciences,Deep-chested hound lines showed increased gastric dilatation-volvulus prevalence in emergency referral data.,https://pmc.ncbi.nlm.nih.gov/articles/PMC11851494/,2024,high,6,FUNCTIONGROUP_CONDITIONS.csv,function_group,Hound,PAPER_7bb70b7365bc
IVDD,0.11,Hound referral subset,1210,PNAS,Hound breeds with elongated spinal morphology carried elevated intervertebral disc disease risk.,https://pmc.ncbi.nlm.nih.gov/articles/PMC5664524/,2017,high,7,FUNCTIONGROUP_CONDITIONS.csv,function_group,Hound,PAPER_22dc72d34dad
Atopic Dermatitis,0.15,Terrier network cohort,1500,Frontiers in Veterinary Science,Terrier breed groups demonstrated increased chronic inflammatory dermatitis prevalence across surveillance data.,https://pmc.ncbi.nlm.nih.gov/articles/PMC12221898/,2024,medium,8,FUNCTIONGROUP_CONDITIONS.csv,function_group,Terrier,PAPER_975d02d8b0cb
Dental Disease,0.27,Companion care dataset,3360,Journal of Small Animal Practice,Companion toy and small breeds carried the highest periodontal disease prevalence in primary-care populations.,https://pmc.ncbi.nlm.nih.gov/articles/PMC9291557/,2022,high,9,FUNCTIONGROUP_CONDITIONS.csv,function_group,Companion,PAPER_747ac35328af
Epilepsy,0.08,Herding breed neurology subset,940,Frontiers in Veterinary Science,Herding lineages showed above-baseline idiopathic epilepsy prevalence in neurology referral cohorts.,https://pmc.ncbi.nlm.nih.gov/articles/PMC9133619/,2022,medium,10,FUNCTIONGROUP_CONDITIONS.csv,function_group,Herding,PAPER_a39b99d16c9b
Luxating Patella,0.18,Toy group orthopedic panel,1290,Canine Genetics and Epidemiology,Toy function group retained the highest luxating patella prevalence across orthopedic screening populations.,https://pmc.ncbi.nlm.nih.gov/articles/PMC4898461/,2016,high,11,FUNCTIONGROUP_CONDITIONS.csv,function_group,Toy,PAPER_86f6d6ea4e4d
