param_group,key,value,unit,notes
risk_interaction,INTERACTION_MIN,0.8,factor,health_risk clamp
risk_interaction,INTERACTION_MAX,1.2,factor,health_risk clamp
package_optimizer,SURPLUS_PENALTY_WEIGHT,0.02,weight,
package_optimizer,ESSENTIAL_COVERAGE_FLOOR,0.55,fraction,
category_weights,weakness_group,3.0,weight,RISK_V2_1
category_weights,body_type,2.5,weight,RISK_V2_1
category_weights,skull_type,2.5,weight,RISK_V2_1
category_weights,function_group,2.0,weight,RISK_V2_1
category_weights,size,2.0,weight,RISK_V2_1
category_weights,energy,1.5,weight,RISK_V2_1
category_weights,lifespan,1.5,weight,RISK_V2_1
category_weights,coat_type,1.0,weight,RISK_V2_1
category_weights,climate,1.0,weight,RISK_V2_1
score_weights,coverage,0.35,weight,PACKAGE_OPTIMIZER_V2_1
score_weights,clinical_function,0.25,weight,PACKAGE_OPTIMIZER_V2_1
score_weights,evidence,0.2,weight,PACKAGE_OPTIMIZER_V2_1
score_weights,cost_efficiency,0.15,weight,PACKAGE_OPTIMIZER_V2_1
score_weights,diversity,0.05,weight,PACKAGE_OPTIMIZER_V2_1
