ID,problem,layer,severity,scientific_risk,runtime_risk,security_risk,migration_risk,current_owner,recommended_action,blocked_by,status
DEBT-001,app/repository parallel runtime divergence,architecture,HIGH,HIGH,HIGH,MEDIUM,HIGH,app+repository,define staged cutover contract and adapter conformance,dual schemas and output contracts,OPEN
DEBT-002,DogProfile adapter mismatch between DTO and domain model,data-contract,MEDIUM,MEDIUM,MEDIUM,LOW,MEDIUM,app.api.payload_adapter + repository.models,unify canonical DogProfile contract with explicit lossy fields,cutover planning,OPEN
DEBT-003,EvidenceGraph adapter mismatch,data-contract,HIGH,HIGH,MEDIUM,LOW,HIGH,app evidence payload + repository models,define canonical evidence graph serialization and adapter tests,multiple evidence schema owners,OPEN
DEBT-004,WarehouseInterface bypass via direct readers,data-layer,HIGH,HIGH,HIGH,LOW,HIGH,app.data.*,migrate app data reads toward canonical warehouse interface with compatibility wrappers,performance and contract migration constraints,OPEN
DEBT-005,Trace schema divergence (app trace vs repo trace),observability,HIGH,MEDIUM,HIGH,LOW,HIGH,app.debug + repository.math_debugger,establish canonical lineage schema and adapters,existing consumer expectations,OPEN
DEBT-006,MAT methodological issues (REVISE/REPLACE set),scientific-math,HIGH,HIGH,MEDIUM,LOW,HIGH,repository.matematics + docs/mathematics,execute governed formula replacement program,methodology redesign + validation datasets,OPEN
DEBT-007,Warehouse known 8 blockers,data-quality,HIGH,HIGH,HIGH,LOW,MEDIUM,warehouse curation,perform controlled FK/id migration and alias governance,curation decisions across mechanisms and ingredients,OPEN
DEBT-008,Mixed breed resolver prioritizes breeds[0],scientific-model,HIGH,HIGH,MEDIUM,LOW,HIGH,app+repository biological/resolution layers,implement weighted mixed-breed model with traceable contributions,model design/calibration data,OPEN
DEBT-009,Environment model heuristic-heavy,scientific-model,MEDIUM,MEDIUM,MEDIUM,LOW,MEDIUM,app/repository environment logic,separate measured covariates from heuristics and annotate provenance,lack of causal covariate calibration,OPEN
DEBT-010,Incomplete scientific evidence coverage in presentation,presentation,HIGH,HIGH,MEDIUM,LOW,MEDIUM,app.presentation + legacy surfaces,surface explicit evidence completeness indicators per field,upstream evidence sparsity,OPEN
DEBT-011,Incomplete product/package outputs for some profiles,runtime,HIGH,MEDIUM,HIGH,LOW,MEDIUM,app agent package/product nodes,expand deterministic fallback policy and missing-data diagnostics,dataset coverage + constraints behavior,OPEN
DEBT-012,Incomplete CV claim coverage documentation integrity,governance,MEDIUM,LOW,LOW,LOW,LOW,docs/interface,maintain claim-audit mapping against real runtime evidence,feature implementation gaps,OPEN
