formula_id,version,runtime_owner,execution_source,documentation_source,registry_source,replay_source,status,notes
PROFILE_NORMALIZE_V2_1,2.1.0,app,app.api.payload_adapter/profile_from_analyze_body,NOT_DOCUMENTED_FORMAL_EQUATION,app.inference.formula_registry + app.agent.formula_registry,N/A,CANONICAL,Executed in app runtime path
BREED_RESOLVE_V2_1,2.1.0,app,app.formulas.stages.biological/run_biological_stage,NOT_DOCUMENTED_FORMAL_EQUATION,app.inference.formula_registry + app.agent.formula_registry,N/A,CANONICAL,Executed in app runtime path
TRAIT_BLEND_V2_1,2.1.0,app,app.formulas.stages.biological/run_biological_stage,NOT_DOCUMENTED_FORMAL_EQUATION,app.inference.formula_registry + app.agent.formula_registry,N/A,CANONICAL,Executed in app runtime path
RISK_V2_1,2.1.0,app,app.formulas.stages.health_risk/compute_risks,NOT_DOCUMENTED_FORMAL_EQUATION,app.inference.formula_registry + app.agent.formula_registry,repository.math_debugger.independent_replay:NOT_IMPLEMENTED,REPLAY_MISSING,Execution and source are traceable but replay is not implemented for V2
NUTRIENT_TARGET_V2_1,2.1.0,app,app.agent.ingredient_engine/map_ingredients,NOT_DOCUMENTED_FORMAL_EQUATION,app.inference.formula_registry + app.agent.formula_registry,repository.math_debugger.independent_replay:NOT_IMPLEMENTED,REPLAY_MISSING,Runtime formula execution available
ACTIVITY_V2_1,2.1.0,app,app.agent.nodes.activity_node/ActivityNode.execute,NOT_DOCUMENTED_FORMAL_EQUATION,app.inference.formula_registry + app.agent.formula_registry,repository.math_debugger.independent_replay:NOT_IMPLEMENTED,REPLAY_MISSING,Runtime formula execution available
PRODUCT_MATCH_V2_1,2.1.0,app,app.formulas.stages.optimization/run_optimization_stage,NOT_DOCUMENTED_FORMAL_EQUATION,app.inference.formula_registry + app.agent.formula_registry,repository.math_debugger.independent_replay:NOT_IMPLEMENTED,REPLAY_MISSING,Runtime formula execution available
PACKAGE_OPTIMIZER_V2_1,2.1.0,app,app.agent.package_optimizer/build_optimized_packages,NOT_DOCUMENTED_FORMAL_EQUATION,app.inference.formula_registry + app.agent.formula_registry,repository.math_debugger.independent_replay:NOT_IMPLEMENTED,REPLAY_MISSING,Only engine-emitted ledger previously; now also represented in execution parity
EVIDENCE_RANK_V2_1,2.1.0,app,app.agent.response_assembler/collect_evidence,NOT_DOCUMENTED_FORMAL_EQUATION,app.inference.formula_registry + app.agent.formula_registry,repository.math_debugger.independent_replay:NOT_IMPLEMENTED,DOCUMENTATION_MISSING,Evidence objects may be empty for a given execution
VALIDATION_V2_1,2.1.0,app,app.agent.calculation_trace + app.data.clinical_assessment,NOT_DOCUMENTED_FORMAL_EQUATION,app.inference.formula_registry + app.agent.formula_registry,repository.math_debugger.independent_replay:NOT_IMPLEMENTED,DOCUMENTATION_MISSING,Validation comparison exists without formal equation spec
GROOMING_OBS_V2_1,2.1.0,app,app.agent.nodes.grooming_node/GroomingNode.execute,NOT_DOCUMENTED_FORMAL_EQUATION,app.agent.formula_registry,repository.math_debugger.independent_replay:NOT_APPLICABLE,ADAPTER_REQUIRED,Debug-projection formula not listed in inference registry
MAT-1001,v1.0,repository,repository/mathematics/epidemiology.py,docs/mathematics/OBSERVED_PREVALENCE.md,repository/formulas + docs/mathematics,repository.math_debugger.independent_replay:SUPPORTED,CANONICAL,Repository mathematics path supports replay
MAT-1002,v1.0,repository,repository/mathematics/aggregation.py,docs/mathematics/TRAIT_AGGREGATION.md,repository/formulas + docs/mathematics,repository.math_debugger.independent_replay:SUPPORTED,CANONICAL,Repository mathematics path supports replay
MAT-1003,v1.0,repository,repository/mathematics/bayesian.py,docs/mathematics/ESTIMATED_PREVALENCE.md,repository/formulas + docs/mathematics,repository.math_debugger.independent_replay:SUPPORTED,CANONICAL,Repository mathematics path supports replay
MAT-1004,v1.0,repository,repository/mathematics/agreement.py,docs/mathematics/AGREEMENT.md,repository/formulas + docs/mathematics,repository.math_debugger.independent_replay:SUPPORTED,CANONICAL,Repository mathematics path supports replay
MAT-1005,v1.0/v2.0,repository,repository/mathematics/confidence.py,docs/mathematics/CONFIDENCE.md,repository/formulas + docs/mathematics,repository.math_debugger.independent_replay:SUPPORTED,CANONICAL,Repository mathematics path supports replay
MAT-1006,v1.0,repository,repository/mathematics/novelty.py,docs/mathematics/NOVELTY.md,repository/formulas + docs/mathematics,repository.math_debugger.independent_replay:SUPPORTED,CANONICAL,Repository mathematics path supports replay
MAT-1007,v1.0,repository,repository/mathematics/priority.py,docs/mathematics/PRIORITY.md,repository/formulas + docs/mathematics,repository.math_debugger.independent_replay:SUPPORTED,CANONICAL,Repository mathematics path supports replay
MAT-1008,v1.0,repository,repository/mathematics/uncertainty.py,docs/mathematics/UNCERTAINTY.md,repository/formulas + docs/mathematics,repository.math_debugger.independent_replay:SUPPORTED,CANONICAL,Repository mathematics path supports replay
