path,reason,evidence,dependents,replacement,risk,safe_to_delete,approval_required
docs/validation_report.md,regenerable report,generated script output,0,regenerate via script,LOW,yes,no
legacy/app.js,legacy-safe archive candidate,no imports/references,0,legacy archive,LOW,yes,yes
legacy/authoring/__init__.py,legacy-safe archive candidate,no imports/references,0,legacy archive,LOW,yes,yes
legacy/authoring/__main__.py,legacy-safe archive candidate,no imports/references,0,legacy archive,LOW,yes,yes
legacy/authoring/builder.py,legacy-safe archive candidate,no imports/references,0,legacy archive,LOW,yes,yes
legacy/authoring/drafts/draft-0140bb7711.json,legacy-safe archive candidate,no imports/references,0,legacy archive,LOW,yes,yes
legacy/authoring/drafts/draft-0dae669195.json,legacy-safe archive candidate,no imports/references,0,legacy archive,LOW,yes,yes
legacy/authoring/drafts/draft-1028ed62b8.json,legacy-safe archive candidate,no imports/references,0,legacy archive,LOW,yes,yes
legacy/authoring/drafts/draft-1094c418bd.json,legacy-safe archive candidate,no imports/references,0,legacy archive,LOW,yes,yes
legacy/authoring/drafts/draft-129bd9c068.json,legacy-safe archive candidate,no imports/references,0,legacy archive,LOW,yes,yes
legacy/authoring/drafts/draft-1b25c581a2.json,legacy-safe archive candidate,no imports/references,0,legacy archive,LOW,yes,yes
legacy/authoring/drafts/draft-1f7cbdc5c9.json,legacy-safe archive candidate,no imports/references,0,legacy archive,LOW,yes,yes
legacy/authoring/drafts/draft-24d0388dff.json,legacy-safe archive candidate,no imports/references,0,legacy archive,LOW,yes,yes
legacy/authoring/drafts/draft-29ab489b53.json,legacy-safe archive candidate,no imports/references,0,legacy archive,LOW,yes,yes
legacy/authoring/drafts/draft-2f2735093a.json,legacy-safe archive candidate,no imports/references,0,legacy archive,LOW,yes,yes
legacy/authoring/drafts/draft-3a65ff44bb.json,legacy-safe archive candidate,no imports/references,0,legacy archive,LOW,yes,yes
legacy/authoring/drafts/draft-41f737765e.json,legacy-safe archive candidate,no imports/references,0,legacy archive,LOW,yes,yes
legacy/authoring/drafts/draft-5ab71769bd.json,legacy-safe archive candidate,no imports/references,0,legacy archive,LOW,yes,yes
legacy/authoring/drafts/draft-5ff1fea851.json,legacy-safe archive candidate,no imports/references,0,legacy archive,LOW,yes,yes
legacy/authoring/drafts/draft-63a2f44caf.json,legacy-safe archive candidate,no imports/references,0,legacy archive,LOW,yes,yes
legacy/authoring/drafts/draft-7436284cb8.json,legacy-safe archive candidate,no imports/references,0,legacy archive,LOW,yes,yes
legacy/authoring/drafts/draft-823e66ef7f.json,legacy-safe archive candidate,no imports/references,0,legacy archive,LOW,yes,yes
legacy/authoring/drafts/draft-8640919d10.json,legacy-safe archive candidate,no imports/references,0,legacy archive,LOW,yes,yes
legacy/authoring/drafts/draft-9eb5049221.json,legacy-safe archive candidate,no imports/references,0,legacy archive,LOW,yes,yes
legacy/authoring/drafts/draft-a630246c9b.json,legacy-safe archive candidate,no imports/references,0,legacy archive,LOW,yes,yes
legacy/authoring/drafts/draft-b2a2364c5a.json,legacy-safe archive candidate,no imports/references,0,legacy archive,LOW,yes,yes
legacy/authoring/drafts/draft-c872f02df6.json,legacy-safe archive candidate,no imports/references,0,legacy archive,LOW,yes,yes
legacy/authoring/drafts/draft-d559816c1e.json,legacy-safe archive candidate,no imports/references,0,legacy archive,LOW,yes,yes
legacy/authoring/drafts/draft-dc6f6260da.json,legacy-safe archive candidate,no imports/references,0,legacy archive,LOW,yes,yes
legacy/authoring/drafts/draft-ea89aed9d4.json,legacy-safe archive candidate,no imports/references,0,legacy archive,LOW,yes,yes
legacy/authoring/drafts/draft-f6c5feaf0c.json,legacy-safe archive candidate,no imports/references,0,legacy archive,LOW,yes,yes
legacy/authoring/drafts/draft-f95c717002.json,legacy-safe archive candidate,no imports/references,0,legacy archive,LOW,yes,yes
legacy/authoring/explorer.py,legacy-safe archive candidate,no imports/references,0,legacy archive,LOW,yes,yes
legacy/authoring/ml_sandbox.py,legacy-safe archive candidate,no imports/references,0,legacy archive,LOW,yes,yes
legacy/authoring/models.py,legacy-safe archive candidate,no imports/references,0,legacy archive,LOW,yes,yes
legacy/authoring/pipeline.py,legacy-safe archive candidate,no imports/references,0,legacy archive,LOW,yes,yes
legacy/authoring/portal.py,legacy-safe archive candidate,no imports/references,0,legacy archive,LOW,yes,yes
legacy/authoring/published/draft-0dae669195.json,legacy-safe archive candidate,no imports/references,0,legacy archive,LOW,yes,yes
legacy/authoring/published/draft-1028ed62b8.json,legacy-safe archive candidate,no imports/references,0,legacy archive,LOW,yes,yes
legacy/authoring/published/draft-1b25c581a2.json,legacy-safe archive candidate,no imports/references,0,legacy archive,LOW,yes,yes
legacy/authoring/published/draft-1f7cbdc5c9.json,legacy-safe archive candidate,no imports/references,0,legacy archive,LOW,yes,yes
legacy/authoring/published/draft-2f2735093a.json,legacy-safe archive candidate,no imports/references,0,legacy archive,LOW,yes,yes
legacy/authoring/published/draft-41f737765e.json,legacy-safe archive candidate,no imports/references,0,legacy archive,LOW,yes,yes
legacy/authoring/published/draft-5ab71769bd.json,legacy-safe archive candidate,no imports/references,0,legacy archive,LOW,yes,yes
legacy/authoring/published/draft-5ff1fea851.json,legacy-safe archive candidate,no imports/references,0,legacy archive,LOW,yes,yes
legacy/authoring/published/draft-823e66ef7f.json,legacy-safe archive candidate,no imports/references,0,legacy archive,LOW,yes,yes
legacy/authoring/published/draft-8640919d10.json,legacy-safe archive candidate,no imports/references,0,legacy archive,LOW,yes,yes
legacy/authoring/published/draft-9eb5049221.json,legacy-safe archive candidate,no imports/references,0,legacy archive,LOW,yes,yes
legacy/authoring/published/draft-d559816c1e.json,legacy-safe archive candidate,no imports/references,0,legacy archive,LOW,yes,yes
legacy/authoring/published/draft-dc6f6260da.json,legacy-safe archive candidate,no imports/references,0,legacy archive,LOW,yes,yes
legacy/authoring/published/draft-f95c717002.json,legacy-safe archive candidate,no imports/references,0,legacy archive,LOW,yes,yes
legacy/authoring/research.py,legacy-safe archive candidate,no imports/references,0,legacy archive,LOW,yes,yes
legacy/authoring/studio/explorer.html,legacy-safe archive candidate,no imports/references,0,legacy archive,LOW,yes,yes
legacy/authoring/studio/explorer_data.json,legacy-safe archive candidate,no imports/references,0,legacy archive,LOW,yes,yes
legacy/authoring/studio/ml_sandbox/README.md,legacy-safe archive candidate,no imports/references,0,legacy archive,LOW,yes,yes
legacy/authoring/studio/ml_sandbox/SUGGESTIONS.json,legacy-safe archive candidate,no imports/references,0,legacy archive,LOW,yes,yes
legacy/authoring/templates/evidence_entry.template.json,legacy-safe archive candidate,no imports/references,0,legacy archive,LOW,yes,yes
legacy/catalog-service.js,legacy-safe archive candidate,no imports/references,0,legacy archive,LOW,yes,yes
legacy/curation/conflict_resolution.py,legacy-safe archive candidate,no imports/references,0,legacy archive,LOW,yes,yes
legacy/curation/duplicate_detection.py,legacy-safe archive candidate,no imports/references,0,legacy archive,LOW,yes,yes
legacy/curation/evidence_ranking.py,legacy-safe archive candidate,no imports/references,0,legacy archive,LOW,yes,yes
legacy/curation/reports/CONFLICTS.json,legacy-safe archive candidate,no imports/references,0,legacy archive,LOW,yes,yes
legacy/curation/reports/DUPLICATES.json,legacy-safe archive candidate,no imports/references,0,legacy archive,LOW,yes,yes
legacy/curation/reports/EVIDENCE_RANKING.md,legacy-safe archive candidate,no imports/references,0,legacy archive,LOW,yes,yes
legacy/debug/calculation.html,legacy-safe archive candidate,no imports/references,0,legacy archive,LOW,yes,yes
legacy/index.html,legacy-safe archive candidate,no imports/references,0,legacy archive,LOW,yes,yes
legacy/ontology/__init__.py,legacy-safe archive candidate,no imports/references,0,legacy archive,LOW,yes,yes
legacy/ontology/anatomy/anatomy_index.json,legacy-safe archive candidate,no imports/references,0,legacy archive,LOW,yes,yes
legacy/ontology/condition_graph/CONDITION_ONTOLOGY.md,legacy-safe archive candidate,no imports/references,0,legacy archive,LOW,yes,yes
legacy/ontology/condition_graph/conditions.json,legacy-safe archive candidate,no imports/references,0,legacy archive,LOW,yes,yes
legacy/ontology/ingredient_graph/ingredients.json,legacy-safe archive candidate,no imports/references,0,legacy archive,LOW,yes,yes
legacy/ontology/physiology/physiology_index.json,legacy-safe archive candidate,no imports/references,0,legacy archive,LOW,yes,yes
legacy/ppie-dev-menu.js,legacy-safe archive candidate,no imports/references,0,legacy archive,LOW,yes,yes
legacy/ppie-sheets.js,legacy-safe archive candidate,no imports/references,0,legacy archive,LOW,yes,yes
legacy/ppie-shell.js,legacy-safe archive candidate,no imports/references,0,legacy archive,LOW,yes,yes
legacy/ppie-trace.js,legacy-safe archive candidate,no imports/references,0,legacy archive,LOW,yes,yes
legacy/ppie-ui.js,legacy-safe archive candidate,no imports/references,0,legacy archive,LOW,yes,yes
legacy/ppie-validation-console.css,legacy-safe archive candidate,no imports/references,0,legacy archive,LOW,yes,yes
legacy/ppie-validation-console.js,legacy-safe archive candidate,no imports/references,0,legacy archive,LOW,yes,yes
legacy/report-renderer.js,legacy-safe archive candidate,no imports/references,0,legacy archive,LOW,yes,yes
legacy/science_pipeline/__main__.py,legacy-safe archive candidate,no imports/references,0,legacy archive,LOW,yes,yes
legacy/science_pipeline/provenance.py,legacy-safe archive candidate,no imports/references,0,legacy archive,LOW,yes,yes
legacy/science_pipeline/release.py,legacy-safe archive candidate,no imports/references,0,legacy archive,LOW,yes,yes
legacy/science_pipeline/release_ops.py,legacy-safe archive candidate,no imports/references,0,legacy archive,LOW,yes,yes
legacy/science_pipeline/validation_extended.py,legacy-safe archive candidate,no imports/references,0,legacy archive,LOW,yes,yes
legacy/styles.css,legacy-safe archive candidate,no imports/references,0,legacy archive,LOW,yes,yes
legacy/theme.css,legacy-safe archive candidate,no imports/references,0,legacy archive,LOW,yes,yes
