path,access_method,dataset,caller,direct_csv_read,canonical_interface,migration_action,risk
app/agent/nodes/validation_node.py,other,,app/agent/nodes/__init__.py,no,no,KEEP_REVIEW,LOW
app/data/__init__.py,other,,,no,no,KEEP_REVIEW,LOW
app/data/cache.py,other,,app/data/repository.py|app/data/runtime.py,no,no,KEEP_REVIEW,LOW
app/data/clinical_assessment.py,other,,app/api/main.py|tests/test_clinical_assessment.py|tests/test_engine_trace.py|tests/test_validation_console.py|tests/test_validation_console_live.py,no,no,KEEP_REVIEW,LOW
app/data/clinical_report_builder.py,other,,app/api/main.py|tests/test_clinical_report.py,no,no,KEEP_REVIEW,LOW
app/data/loader.py,direct_read_csv,,app/data/repository.py|app/debug/clinical_execution_debug.py,yes,no,REVIEW,HIGH
app/data/native_loader.py,direct_read_csv,aliases.csv|breed_conditions.csv,app/data/loader.py|app/data/repository.py|warehouse/repository/domains.py,yes,no,REVIEW,HIGH
app/data/report_generator.py,other,,app/api/main.py|app/data/report_models.py|tests/test_standard_report.py,no,no,KEEP_REVIEW,LOW
app/data/report_models.py,other,,app/api/main.py|tests/test_package_optimizer.py,no,no,KEEP_REVIEW,LOW
app/data/report_schema.py,other,,app/data/report_generator.py|tests/test_standard_report.py,no,no,KEEP_REVIEW,LOW
app/data/repository.py,direct_read_csv,,app/agent/utils.py|app/data/__init__.py|app/data/clinical_assessment.py|app/data/runtime.py|app/data/warehouse/ingredients.py|app/debug/clinical_execution_debug.py|app/science/attach.py|app/science/audit.py|app/science/builder.py|app/science/repository.py|app/science/validator.py|legacy/authoring/explorer.py|legacy/authoring/ml_sandbox.py|legacy/authoring/research.py|legacy/curation/conflict_resolution.py,yes,no,REVIEW,HIGH
app/data/runtime.py,other,,app/agent/response_assembler.py|app/agent/utils.py|app/api/main.py|app/data/__init__.py|app/data/repository.py|app/data/watcher.py|app/formulas/stages/optimization.py|app/science/repository.py|tests/test_inference_layer.py,no,no,KEEP_REVIEW,LOW
app/data/schemas.py,other,manifest.yaml,app/data/loader.py|app/data/native_loader.py|app/data/repository.py|app/data/validators.py,no,no,KEEP_REVIEW,LOW
app/data/validators.py,other,,app/data/repository.py,no,no,KEEP_REVIEW,LOW
app/data/warehouse/__init__.py,other,,app/data/warehouse/__init__.py,no,no,KEEP_REVIEW,LOW
app/data/warehouse/ingredients.py,other,,tests/test_warehouse_parity.py,no,no,KEEP_REVIEW,LOW
app/data/warehouse/papers.py,other,,app/data/warehouse/__init__.py|app/science/validator.py,no,no,KEEP_REVIEW,LOW
app/data/warehouse/parameters.py,direct_read_csv,parameter_defaults.csv,app/agent/assessment_agent.py|app/agent/execution_context.py|app/data/warehouse/__init__.py|tests/test_warehouse_parity.py,yes,no,REVIEW,HIGH
app/data/warehouse/parity.py,other,,app/data/warehouse/__init__.py|tests/test_formula_graph.py|tests/test_phase6_authoring.py|tests/test_science_graph.py|tests/test_warehouse_parity.py,no,no,KEEP_REVIEW,LOW
app/data/warehouse/units.py,direct_read_csv,unit_conversion.csv,app/agent/assessment_agent.py|app/agent/execution_context.py|app/data/warehouse/__init__.py|tests/test_warehouse_parity.py,yes,no,REVIEW,HIGH
app/data/watcher.py,other,,app/api/main.py,no,no,KEEP_REVIEW,LOW
legacy/science_pipeline/validation_extended.py,other,,,no,no,KEEP_REVIEW,LOW
repository/benchmarks/runner.py,WarehouseInterface,formulas.benchmarks,repository/benchmarks/__init__.py|tests/benchmarks/test_benchmark_runner.py,no,yes,KEEP,LOW
repository/formulas/loader.py,WarehouseInterface,formulas.benchmarks|formulas.coefficients|formulas.formula_versions|formulas.formulas|formulas.parameter_sets|formulas.parameters|formulas.validation_sets,repository/benchmarks/runner.py|repository/formulas/__init__.py|repository/formulas/runtime.py|tests/formulas/test_formula_runtime.py|tests/mathematics/test_methodology_audit.py,no,yes,KEEP,LOW
repository/formulas/runtime.py,WarehouseInterface,,repository/formulas/__init__.py|repository/math_debugger/formula_validator.py|repository/mathematics/formula_access.py|tests/formulas/test_formula_runtime.py,no,yes,KEEP,LOW
repository/math_debugger/warehouse_trace.py,other,,repository/math_debugger/formula_trace.py,no,no,KEEP_REVIEW,LOW
repository/mechanisms/runtime.py,WarehouseInterface,mechanisms.absorption_factors|mechanisms.condition_mechanisms|mechanisms.dose_response|mechanisms.ingredient_mechanisms|mechanisms.mechanism_conflicts|mechanisms.mechanism_interactions|mechanisms.mechanism_synergies|mechanisms.mechanisms,repository/mechanisms/__init__.py,no,yes,KEEP,LOW
repository/objectives/runtime.py,WarehouseInterface,mechanisms.mechanisms|objectives.condition_objectives|objectives.objective_conflicts|objectives.objective_mechanisms|objectives.objective_priorities|objectives.objective_synergies|objectives.objectives,repository/objectives/__init__.py,no,yes,KEEP,LOW
repository/optimization/absorption.py,WarehouseInterface,optimization.ingredient_interactions|optimization.product_compositions,repository/optimization/__init__.py|repository/optimization/conflict.py|repository/optimization/runtime.py|repository/optimization/synergy.py,no,yes,KEEP,LOW
repository/optimization/calories.py,WarehouseInterface,optimization.calorie_density|optimization.feeding_constraints,repository/optimization/__init__.py|repository/optimization/runtime.py,no,yes,KEEP,LOW
repository/optimization/candidate_generator.py,WarehouseInterface,optimization.package_constraints|optimization.product_servings,repository/optimization/__init__.py|repository/optimization/runtime.py,no,yes,KEEP,LOW
repository/optimization/conflict.py,WarehouseInterface,optimization.ingredient_conflicts,repository/optimization/__init__.py|repository/optimization/runtime.py,no,yes,KEEP,LOW
repository/optimization/constraints.py,WarehouseInterface,optimization.feeding_constraints|optimization.package_constraints|optimization.product_servings,repository/optimization/__init__.py|repository/optimization/runtime.py,no,yes,KEEP,LOW
repository/optimization/coverage.py,WarehouseInterface,optimization.product_compositions,repository/optimization/__init__.py|repository/optimization/runtime.py,no,yes,KEEP,LOW
repository/optimization/runtime.py,WarehouseInterface,optimization.calorie_density|optimization.feeding_constraints|optimization.ingredient_conflicts|optimization.ingredient_interactions|optimization.ingredient_synergies|optimization.package_constraints|optimization.product_compositions|optimization.product_servings|sources.ingredient_sources,repository/optimization/__init__.py|repository/warehouse_qa/runtime.py|tests/math_debugger/test_math_debugger_runtime.py,no,yes,KEEP,LOW
repository/optimization/synergy.py,WarehouseInterface,optimization.ingredient_synergies,repository/optimization/__init__.py|repository/optimization/runtime.py,no,yes,KEEP,LOW
repository/pipeline/biological_runtime.py,WarehouseInterface,biology.breed_traits|biology.breeds|biology.environment_facts|biology.observed_breed_conditions|biology.trait_condition_associations|prevention.condition_activities|prevention.condition_ingredients,repository/pipeline/__init__.py|tests/math_debugger/test_math_debugger_runtime.py|tests/math_debugger/test_mathematical_integrity.py|tests/pipeline/test_biological_runtime.py|tests/reasoning/test_reasoning_runtime.py,no,yes,KEEP,LOW
repository/reasoning/mechanisms/mapper.py,WarehouseInterface,reference.condition_mechanisms,repository/reasoning/mechanisms/__init__.py,no,yes,KEEP,LOW
repository/reasoning/runtime.py,WarehouseInterface,,repository/reasoning/__init__.py|tests/reasoning/test_reasoning_runtime.py,no,yes,KEEP,LOW
repository/reasoning/systems/aggregator.py,WarehouseInterface,reference.condition_systems,repository/reasoning/systems/__init__.py,no,yes,KEEP,LOW
repository/science_graph/builder.py,WarehouseInterface,biology.breeds|biology.conditions|biology.trait_condition_associations|mechanisms.ingredient_mechanisms|mechanisms.mechanisms|nutrition.ingredients|objectives.condition_objectives|objectives.objective_mechanisms|objectives.objectives|optimization.product_servings|recipes.recipes|science_graph.ingredient_aliases|science_graph.recipe_products|science_graph.source_recipes|sources.ingredient_sources,repository/science_graph/__init__.py|repository/science_graph/runtime.py|repository/warehouse_qa/runtime.py,no,yes,KEEP,LOW
repository/science_graph/runtime.py,WarehouseInterface,,repository/science_graph/__init__.py,no,yes,KEEP,LOW
repository/sources/runtime.py,WarehouseInterface,mechanisms.dose_response|mechanisms.ingredient_mechanisms|sources.ingredient_sources|sources.source_bioavailability,repository/objectives/runtime.py|repository/sources/__init__.py,no,yes,KEEP,LOW
repository/validation/__init__.py,other,,,no,no,KEEP_REVIEW,LOW
repository/validation/runtime.py,direct_read_csv,,repository/validation/__init__.py,yes,no,REVIEW,HIGH
repository/warehouse/__init__.py,WarehouseInterface,,repository/benchmarks/runner.py|repository/formulas/loader.py|repository/formulas/runtime.py|repository/mechanisms/runtime.py|repository/objectives/runtime.py|repository/optimization/absorption.py|repository/optimization/calories.py|repository/optimization/candidate_generator.py|repository/optimization/conflict.py|repository/optimization/constraints.py|repository/optimization/coverage.py|repository/optimization/runtime.py|repository/optimization/synergy.py|repository/pipeline/biological_runtime.py|repository/reasoning/mechanisms/mapper.py,no,yes,KEEP,LOW
repository/warehouse/warehouse_interface.py,WarehouseInterface,biology.breed_traits|biology.breeds|biology.conditions|biology.environment_facts|biology.observed_breed_conditions|biology.trait_condition_associations|commercial.product_declared_nutrition|commercial.product_feeding_guide|commercial.product_master|commercial.product_recipe|mechanisms.absorption_factors|mechanisms.condition_mechanisms|mechanisms.dose_response|mechanisms.food_mechanisms|mechanisms.ingredient_mechanisms|mechanisms.mechanism_conflicts|mechanisms.mechanism_interactions|mechanisms.mechanism_synergies|mechanisms.mechanisms|nutrition.food_composition,repository/formulas/loader.py|repository/optimization/runtime.py|repository/science_graph/builder.py|repository/warehouse/__init__.py|repository/warehouse_qa/runtime.py,yes,yes,KEEP,MEDIUM
repository/warehouse_qa/__init__.py,other,,tests/warehouse_qa/test_warehouse_qa_runtime.py,no,no,KEEP_REVIEW,LOW
repository/warehouse_qa/citations.py,other,,repository/warehouse_qa/__init__.py|repository/warehouse_qa/runtime.py,no,no,KEEP_REVIEW,LOW
repository/warehouse_qa/consistency.py,other,biology.trait_condition_associations|mechanisms.ingredient_mechanisms,repository/warehouse_qa/__init__.py|repository/warehouse_qa/runtime.py,no,no,KEEP_REVIEW,LOW
repository/warehouse_qa/coverage.py,other,biology.conditions|mechanisms.ingredient_mechanisms|objectives.condition_objectives|objectives.objective_mechanisms|science_graph.recipe_products|science_graph.source_recipes|sources.ingredient_sources,repository/warehouse_qa/__init__.py|repository/warehouse_qa/runtime.py,no,no,KEEP_REVIEW,LOW
repository/warehouse_qa/dashboard.py,other,,repository/warehouse_qa/__init__.py|repository/warehouse_qa/runtime.py,no,no,KEEP_REVIEW,LOW
repository/warehouse_qa/duplicates.py,other,,repository/warehouse_qa/__init__.py|repository/warehouse_qa/runtime.py,no,no,KEEP_REVIEW,LOW
repository/warehouse_qa/foreign_keys.py,other,biology.conditions|mechanisms.ingredient_mechanisms|mechanisms.mechanisms|nutrition.ingredients|objectives.condition_objectives|objectives.objective_mechanisms|objectives.objectives|optimization.product_servings|recipes.recipes|science_graph.recipe_products|science_graph.source_recipes|sources.ingredient_sources,repository/warehouse_qa/__init__.py|repository/warehouse_qa/runtime.py,no,no,KEEP_REVIEW,LOW
repository/warehouse_qa/interfaces.py,other,,,no,no,KEEP_REVIEW,LOW
repository/warehouse_qa/models.py,other,,repository/warehouse_qa/__init__.py|repository/warehouse_qa/citations.py|repository/warehouse_qa/consistency.py|repository/warehouse_qa/coverage.py|repository/warehouse_qa/dashboard.py|repository/warehouse_qa/duplicates.py|repository/warehouse_qa/foreign_keys.py|repository/warehouse_qa/interfaces.py|repository/warehouse_qa/ontology.py|repository/warehouse_qa/reports.py|repository/warehouse_qa/runtime.py|repository/warehouse_qa/units.py|repository/warehouse_qa/validator.py,no,no,KEEP_REVIEW,LOW
repository/warehouse_qa/ontology.py,other,biology.conditions|mechanisms.ingredient_mechanisms|mechanisms.mechanisms|nutrition.ingredients|objectives.condition_objectives|objectives.objective_mechanisms|objectives.objectives|reference.condition_systems,repository/warehouse_qa/__init__.py|repository/warehouse_qa/runtime.py,no,no,KEEP_REVIEW,LOW
repository/warehouse_qa/reports.py,other,,repository/warehouse_qa/__init__.py|repository/warehouse_qa/runtime.py,no,no,KEEP_REVIEW,LOW
repository/warehouse_qa/runtime.py,WarehouseInterface,,repository/warehouse_qa/__init__.py,no,yes,KEEP,LOW
repository/warehouse_qa/units.py,other,,repository/warehouse_qa/__init__.py|repository/warehouse_qa/runtime.py,no,no,KEEP_REVIEW,LOW
repository/warehouse_qa/validator.py,other,,repository/warehouse_qa/__init__.py|repository/warehouse_qa/runtime.py,no,no,KEEP_REVIEW,LOW
scripts/validate_warehouse.py,WarehouseInterface,,,no,yes,KEEP,LOW
tests/benchmarks/test_benchmark_runner.py,WarehouseInterface,,,no,yes,KEEP,LOW
tests/formulas/test_formula_runtime.py,WarehouseInterface,,,no,yes,KEEP,LOW
tests/math_debugger/test_math_debugger_runtime.py,WarehouseInterface,,,no,yes,KEEP,LOW
tests/math_debugger/test_mathematical_integrity.py,WarehouseInterface,,,no,yes,KEEP,LOW
tests/mathematics/test_methodology_audit.py,WarehouseInterface,formulas.benchmarks,,no,yes,KEEP,LOW
tests/mechanisms/test_mechanism_runtime.py,WarehouseInterface,,,no,yes,KEEP,LOW
tests/objectives/test_objective_runtime.py,WarehouseInterface,,,no,yes,KEEP,LOW
tests/optimization/test_optimization_runtime.py,WarehouseInterface,,,no,yes,KEEP,LOW
tests/pipeline/test_biological_runtime.py,WarehouseInterface,,,no,yes,KEEP,LOW
tests/pipeline/test_pipeline_architecture.py,WarehouseInterface,biology.trait_condition_associations|repository.api|repository.engine|repository.frontend|warehouse_interface.py,,yes,yes,KEEP,MEDIUM
tests/reasoning/test_reasoning_runtime.py,WarehouseInterface,,,no,yes,KEEP,LOW
tests/science_graph/test_science_graph_runtime.py,WarehouseInterface,,,no,yes,KEEP,LOW
tests/test_validation_console.py,other,,,no,no,KEEP_REVIEW,LOW
tests/test_validation_console_live.py,other,,,no,no,KEEP_REVIEW,LOW
tests/test_warehouse_parity.py,other,,,no,no,KEEP_REVIEW,LOW
tests/warehouse/test_warehouse_interface.py,WarehouseInterface,biology.breeds|biology.conditions|commercial.product_master,,no,yes,KEEP,LOW
tests/warehouse_qa/test_warehouse_qa_runtime.py,WarehouseInterface,biology.conditions|biology.trait_condition_associations|mechanisms.ingredient_mechanisms|mechanisms.mechanisms|nutrition.ingredients|objectives.condition_objectives|objectives.objective_mechanisms|objectives.objectives|optimization.product_servings|recipes.recipes|reference.condition_systems|science_graph.recipe_products|science_graph.source_recipes|sources.ingredient_sources,,no,yes,KEEP,LOW
warehouse/repository/__init__.py,other,,,no,no,KEEP_REVIEW,LOW
warehouse/repository/domains.py,other,breed_conditions.csv|breeds.csv|clinical_evidence.csv|clinical_timelines.csv|condition_ingredients.csv|condition_protocols.csv|conditions.csv|food_nutrients.csv|food_sources.csv|grooming_observations.csv|ingredient_aliases.csv|ingredient_mechanisms.csv|ingredients.csv|mixed_breed_interactions.csv|mixed_breed_matrix.csv|nutrient_priorities.csv|papers.csv|trait_benefits.csv|trait_conditions.csv|trait_science.csv,warehouse/repository/__init__.py,no,no,KEEP_REVIEW,LOW
warehouse/repository/entities.py,other,,warehouse/repository/__init__.py|warehouse/repository/scientific.py,no,no,KEEP_REVIEW,LOW
warehouse/repository/scientific.py,other,breed_condition.csv|breed_conditions.csv|breeds.csv|conditions.csv|ingredients.csv|papers.csv|parameters.csv|trait_condition.csv|trait_conditions.csv|traits.csv,app/data/repository.py|tests/test_warehouse_parity.py|warehouse/repository/__init__.py,no,no,KEEP_REVIEW,LOW
