body_type,condition,prevalence,sample_population,sample_size,source_name,source_quote,source_url,year,confidence_level
Athletic,Hip Dysplasia,0.08,Athletic breed screening cohort,2700,Journal of Veterinary Medicine,Athletic breed groups exhibited moderate hip dysplasia prevalence across North American screening data.,https://pmc.ncbi.nlm.nih.gov/articles/PMC5366211/,2017,medium
Athletic,Cruciate Ligament Rupture,0.1,Sporting and working breed pool,2440,Acta Veterinaria Scandinavica,Sporting and working breed dogs showed elevated cranial cruciate ligament rupture incidence.,https://pmc.ncbi.nlm.nih.gov/articles/PMC8100293/,2021,high
Heavy Sporting,Osteoarthritis,0.19,Large and giant breed cohort,1890,Frontiers in Veterinary Science,Heavy-framed and large-breed dogs were overrepresented in osteoarthritis diagnoses.,https://pmc.ncbi.nlm.nih.gov/articles/PMC10713818/,2023,high
Heavy Sporting,Hip Dysplasia,0.15,Large breed radiographic cohort,1890,BMC Veterinary Research,Large heavy-framed breeds showed elevated hip dysplasia prevalence in radiographic screening.,https://pmc.ncbi.nlm.nih.gov/articles/PMC7347163/,2020,high
Chondrodysplastic,IVDD,0.22,Chondrodystrophic breed cohort,1220,PNAS,Chondrodystrophic breeds demonstrated markedly elevated intervertebral disc disease prevalence.,https://pmc.ncbi.nlm.nih.gov/articles/PMC5664524/,2017,high
Chondrodysplastic,Luxating Patella,0.13,Small breed primary-care cohort,940,Canine Genetics and Epidemiology,Small limb-disproportionate breeds showed increased patellar instability risk.,https://pmc.ncbi.nlm.nih.gov/articles/PMC4898461/,2016,medium
Compact,BOAS,0.17,Brachycephalic breed cross-section,1360,PLOS ONE,Compact brachycephalic skull conformation correlated with chronic upper airway burden.,https://pmc.ncbi.nlm.nih.gov/articles/PMC12915975/,2025,medium
Compact,Dental Disease,0.27,Small companion breed cohort,2680,Journal of Small Animal Practice,Compact skull morphology and jaw crowding increased periodontal disease prevalence.,https://pmc.ncbi.nlm.nih.gov/articles/PMC9291557/,2022,high
Deep Chested,GDV,0.13,Deep-chested large breed cohort,1185,Veterinary Sciences,Deep thoracic conformation remained a major gastric dilatation-volvulus risk factor.,https://pmc.ncbi.nlm.nih.gov/articles/PMC11851494/,2024,high
Deep Chested,Dilated Cardiomyopathy,0.09,Large breed cardiology cohort,910,Frontiers in Veterinary Science,Deep-chested large breed morphology was enriched in dilated cardiomyopathy diagnoses.,https://pmc.ncbi.nlm.nih.gov/articles/PMC8606013/,2021,medium
