product_id,min_weight_kg,max_weight_kg,daily_amount,daily_unit,source_legacy_file,source_legacy_row,status
SF001,1.5,2.0,30,g,data/product_portfolio/PRODUCT_FEEDING_RULES.csv,2,NEEDS_VALIDATION
SF001,2.0,2.5,45,g,data/product_portfolio/PRODUCT_FEEDING_RULES.csv,3,NEEDS_VALIDATION
SF001,2.5,3.0,55,g,data/product_portfolio/PRODUCT_FEEDING_RULES.csv,4,NEEDS_VALIDATION
SF001,3.0,3.5,60,g,data/product_portfolio/PRODUCT_FEEDING_RULES.csv,5,NEEDS_VALIDATION
SF001,3.5,4.0,70,g,data/product_portfolio/PRODUCT_FEEDING_RULES.csv,6,NEEDS_VALIDATION
SF001,4.0,5.0,80,g,data/product_portfolio/PRODUCT_FEEDING_RULES.csv,7,NEEDS_VALIDATION
SF001,5.0,6.0,90,g,data/product_portfolio/PRODUCT_FEEDING_RULES.csv,8,NEEDS_VALIDATION
SF001,6.0,7.0,110,g,data/product_portfolio/PRODUCT_FEEDING_RULES.csv,9,NEEDS_VALIDATION
SF001,7.0,8.0,115,g,data/product_portfolio/PRODUCT_FEEDING_RULES.csv,10,NEEDS_VALIDATION
SF001,8.0,9.0,120,g,data/product_portfolio/PRODUCT_FEEDING_RULES.csv,11,NEEDS_VALIDATION
SF001,9.0,10.0,130,g,data/product_portfolio/PRODUCT_FEEDING_RULES.csv,12,NEEDS_VALIDATION
TR001,2,30,1,piece,data/product_portfolio/PRODUCT_FEEDING_RULES.csv,13,NEEDS_VALIDATION
TR002,2,30,1,piece,data/product_portfolio/PRODUCT_FEEDING_RULES.csv,14,NEEDS_VALIDATION
TR003,2,30,2,pieces,data/product_portfolio/PRODUCT_FEEDING_RULES.csv,15,NEEDS_VALIDATION
TR004,2,30,1,piece,data/product_portfolio/PRODUCT_FEEDING_RULES.csv,16,NEEDS_VALIDATION
TR005,2,30,2,pieces,data/product_portfolio/PRODUCT_FEEDING_RULES.csv,17,NEEDS_VALIDATION
TR006,2,30,1,piece,data/product_portfolio/PRODUCT_FEEDING_RULES.csv,18,NEEDS_VALIDATION
TR007,0,99,1,tablespoon,data/product_portfolio/PRODUCT_FEEDING_RULES.csv,19,NEEDS_VALIDATION
TR008,0,99,1,tablespoon,data/product_portfolio/PRODUCT_FEEDING_RULES.csv,20,NEEDS_VALIDATION
TR009,0,99,0.5,ear,data/product_portfolio/PRODUCT_FEEDING_RULES.csv,21,NEEDS_VALIDATION
TR010,0,99,1,rib,data/product_portfolio/PRODUCT_FEEDING_RULES.csv,22,NEEDS_VALIDATION
TR011,0,99,2,mussels,data/product_portfolio/PRODUCT_FEEDING_RULES.csv,23,NEEDS_VALIDATION
TR012,0,99,1,rib,data/product_portfolio/PRODUCT_FEEDING_RULES.csv,24,NEEDS_VALIDATION
