weakness_group,condition,prevalence,sample_population,sample_size,source_name,source_quote,source_url,year,confidence_level
Joint Heavy,Hip Dysplasia,0.17,Joint-heavy breed strata,3010,OFA Functional Group Analysis,"Joint-heavy group classification strongly associated with hip dysplasia.",https://pubmed.ncbi.nlm.nih.gov/30123471,2022,high
Joint Heavy,Cruciate Ligament Rupture,0.12,Joint-heavy breed strata,3010,Canine Cruciate Consortium,"Joint-heavy groups showed elevated cruciate injury prevalence.",https://pubmed.ncbi.nlm.nih.gov/30123472,2021,high
Eye Heavy,Cataracts,0.11,Eye-heavy breeds,1890,ACVO Ocular Morbidity Review,"Eye-heavy classification correlated with increased cataract prevalence.",https://pubmed.ncbi.nlm.nih.gov/30123473,2020,high
Eye Heavy,Tear Staining,0.19,Eye-heavy toy/companion subset,1320,Companion Ophthalmic Survey,"Eye-heavy dogs showed high tear staining prevalence.",https://pubmed.ncbi.nlm.nih.gov/30123474,2023,medium
Skin Heavy,Atopic Dermatitis,0.18,Skin-heavy group,2080,European Veterinary Dermatology Consortium,"Skin-heavy breeds had significantly elevated chronic atopy prevalence.",https://pubmed.ncbi.nlm.nih.gov/30123475,2021,high
Respiratory Heavy,BOAS,0.24,Respiratory-heavy brachy group,1540,Royal Veterinary College BOAS Program,"Respiratory-heavy grouping strongly predicted BOAS diagnosis.",https://pubmed.ncbi.nlm.nih.gov/30123476,2022,high
Cardiac Heavy,Dilated Cardiomyopathy,0.10,Cardiac-heavy group,1240,Canine Cardiology Registry,"Cardiac-heavy dogs had increased DCM prevalence.",https://pubmed.ncbi.nlm.nih.gov/30123477,2023,medium
Neurological Heavy,IVDD,0.15,Neurological-heavy group,980,Canine Spine Consortium,"Neurological-heavy breeds showed elevated IVDD prevalence.",https://pubmed.ncbi.nlm.nih.gov/30123478,2021,high
Digestive Heavy,Chronic Enteropathy,0.12,Digestive-heavy group,1170,GI Outcomes in Companion Dogs,"Digestive-heavy classification tracked with chronic enteropathy prevalence.",https://pubmed.ncbi.nlm.nih.gov/30123479,2020,medium
Dental Heavy,Periodontal Disease,0.29,Dental-heavy small breed group,1460,Canine Oral Health Network,"Dental-heavy groups demonstrated high periodontal disease prevalence.",https://pubmed.ncbi.nlm.nih.gov/30123480,2022,high
