paper_id,title,doi,url,year,study_type,created_by,created_date,modified_by,modified_date,review_status,approval_date,change_reason,evidence_level
PAPER-2A2FF88A,Staging EPA study,,,2023,observational,test,2026-09-02,test,2026-09-02,draft,,evidence builder submit,medium
PAPER-AE669195,Staging EPA study,,,2023,observational,test,2026-07-21,test,2026-07-21,draft,,evidence builder submit,medium
PAPER-28ED62B8,Staging EPA study,,,2023,observational,test,2026-07-21,test,2026-07-21,draft,,evidence builder submit,medium
PAPER-25C581A2,Staging EPA study,,,2023,observational,test,2026-07-21,test,2026-07-21,draft,,evidence builder submit,medium
PAPER-7CBDC5C9,Staging EPA study,,,2023,observational,test,2026-07-20,test,2026-07-20,draft,,evidence builder submit,medium
PAPER-2735093A,Staging EPA study,,,2023,observational,test,2026-07-20,test,2026-07-20,draft,,evidence builder submit,medium
PAPER-F737765E,Phase6 Example: EPA and canine joint inflammation,,https://example.org/epa-joint,2024,rct,phase6-pipeline,2026-07-20,phase6-pipeline,2026-07-20,draft,,evidence builder submit,high
PAPER-B71769BD,Staging EPA study,,,2023,observational,test,2026-07-20,test,2026-07-20,draft,,evidence builder submit,medium
PAPER-F1FEA851,Staging EPA study,,,2023,observational,test,2026-07-21,test,2026-07-21,draft,,evidence builder submit,medium
PAPER-3E66EF7F,Staging EPA study,,,2023,observational,test,2026-07-20,test,2026-07-20,draft,,evidence builder submit,medium
PAPER-40919D10,Staging EPA study,,,2023,observational,test,2026-07-20,test,2026-07-20,draft,,evidence builder submit,medium
PAPER-B5049221,Staging EPA study,,,2023,observational,test,2026-07-21,test,2026-07-21,draft,,evidence builder submit,medium
PAPER-59816C1E,Staging EPA study,,,2023,observational,test,2026-07-20,test,2026-07-20,draft,,evidence builder submit,medium
PAPER-6F6260DA,Staging EPA study,,,2023,observational,test,2026-07-20,test,2026-07-20,draft,,evidence builder submit,medium
PAPER-5C717002,Staging EPA study,,,2023,observational,test,2026-07-20,test,2026-07-20,draft,,evidence builder submit,medium
